Pork and apple burgers,
Buckwheat blinis with scrambled eggs and smoked salmon,
Summer berry and heather honey meringue roulade,Sweet
Pancetta-baked eggs with a minted pea and feta salad,
Greek apricots,Sweet
Pesto and sun-dried tomato palmiers,
Bunting cake,Sweet
French toast with ham and cheddar,
"Vegan banana, blueberry and pecan pancakes",Sweet
Queen of puddings,Sweet
"Goats' cheese, black olive and Parma ham pin-wheel palmiers",
Jamaican jerk chicken,
Olly_ã_s sham-pagne,Beverage
Ginger fizz,Beverage
Classic crê_pes suzette,Sweet
Somerset chicken casserole with sage dumplings,
Strawberry Daiquiri,Beverage
Perfect Welsh rarebit,
Simnel cake,Sweet
Chilli con carne,
Spiced soy roast chicken,
Whole eggs in coconut masala (egg molee),
"Chicken, leek and mushroom pie with cauliflower mash topping",
Tarragon crusted sea bass,
Cheese and chorizo rolls,
Best-ever banoffee pie,Sweet
Tamarind-marinated bavette steak,
Veggie toad-in-the-hole,
Chocolate beetroot cakes,Sweet
Black dal,
Creamy chicken korma with almonds,
Easy spaghetti Bolognese,
Whole fish cooked in a banana leaf with mango chutney,
Triple chocolate buckwheat cookies,Sweet
Green tea panna cotta with cardamom tuile biscuits,Sweet
Rhubarb panna cotta with roasted rhubarb,Sweet
Sticky toffee apple pudding with calvados caramel sauce,Sweet
Creamy sweetcorn soup,
Grilled mackerel with new potatoes and salad,
Black pepper-crusted mackerel with a celery salad,
Celeriac and apple soup with bacon and parsley,
Piccalilli,Condiment
Mum_ã_s everyday fish pie with cheese mash,
Quick hummus,Condiment
"Mini parmesan, mascarpone and cranberry scones",
Baked meatballs with hidden veggies,
Chicken liver parfait with brandy,
Raw salsa,Condiment
Moroccan vegetables with couscous,
Roquefort and walnut loaf,Bread
Simnel cake,Sweet
Roux family shepherd_ã_s pie with stir-fried cabbage,
Dark cherry and hazelnut biscotti,Sweet
Slow-cooked family stew with polenta,
Walnut-crusted pork chops with figs,
Olive sourdough fougasse,Bread
Baked sweet potato with roasted vegetables and bulgur wheat,
Fantastic fish fingers,
Fettuccine Alfredo,
Tom Kerridge_ã_s spaghetti Bolognese,
Gruyêëre and courgette muffins,Sweet
Steamed chilli soy tofu,
Paul Hollywood_ã_s mince pies,Sweet
Boiled and baked ham,
"Spicy lentil soup with squash, tomato and green beans (sambar)",
Chicken Parmentier,
Sea bream with a courgette salad with fresh mint and rocket,
Shepherd's pie,
Chickpea stew with tomatoes and green chilli,
Picnic crudite loaf,Bread
Tequila chillies,Sweet
Gingerbread men,Sweet
Scallops and chorizo,
Onion marmalade,
Stir fry lime and coconut chicken,
Blood orange tart,Sweet
Yorkshire curd tart,Sweet
Velvet chocolate torte,Sweet
Easy chicken and pea risotto,
Smoked salmon and potato quiche,
Creamy lentils with smoked haddock,
Mint chocolate sablê©s,Sweet
Baked pappardelle with pancetta and porcini,
Lamb and kidney suet pudding with rosemary,
Cranachan,Sweet
Homestyle jerk chicken wings,
"Pan-fried balsamic pear salad with pancetta, gorgonzola and a warm honey dressing",
Halloween punch,Beverage
2-hour Christmas dinner,
Swedish Lucia rolls,Sweet
Chilli con carne,
Crab linguine,
Christmas panna cotta,Sweet
Tuna pasta sauce with linguine,
Beef rendang,
Lighter lemony pasta and spinach bake,
Coffee walnut whips,Sweet
Corn on the cob with burnt-onion ketchup,
Totally lazy mini sausage rolls,
Mary Berry_ã_s tipsy trifle,Sweet
Tuna Niê_oise wrap,
Cranberry and Cumberland sauce,
Lee's brown-bag fried chicken,
Cranberry sauce,Condiment
Christmas pudding trifle,Sweet
Penne with peas and beans,
Griddled artichoke and red onion paella,
"Haggis, clapshot and whisky sauce",
Vegetable samosas,
Easter simnel truffles,Sweet
Eggs Benedict,
Mushroom stroganoff,
Masala dosa in a chapati,
Spicy Mexican eggs (huevos rancheros),
Chicken and leek pie,
Mangsho fita shinni (beef curry),
Madeleines,Sweet
Mini apple and almond cakes,Sweet
Christmas biscuits,Sweet
Spiced biscotti with an orange syllabub dip,Sweet
Lighter fish and chips,
Pea and mint soup,
Gigantes with tomatoes and greens,
Sausage plait,
Leek and potato soup,
Sweet onions with lentil stew,
Ultimate burger in a brioche bun,
Mary Berry's perfect Victoria sandwich,
Definitive orange cake,Sweet
Sticky barbecue chicken wings and drumsticks,
Spicy prawn rice with fried egg,
Minced beef pie,
Banana cake,Sweet
Bacon and egg pie,
Football pies,
Lobster with spaghetti,
Apricot and chocolate flapjacks,Sweet
Smashed avocado on toast,
Braised Savoy cabbage with bacon,
Herby puff twists and pepper and goats_ã_ cheese palmiers,Baked
Raspberry and custard cake,Sweet
Waldorf salad with grilled mackerel,
Classic sourdough,Bread
Squash and turkey bake,
Egg-fried rice,
How to make brownies,Sweet
Veggie puttanesca,
Simple smoked salmon pê¢tê©,
Pumpkin soup,
Lemon Madeira cake with candied peel,Sweet
Rabbit and pearl barley stew,
"Potato gratin, fried egg and spinach",
Moroccan fish stew,
Chocolate and raspberry crêëme brê_lê©e,Sweet
Sour cherry and stem ginger florentines,Sweet
Finnish pancakes,Sweet
Spanish-style tortilla,
The perfect baked potato,
"Cobnut, pear and sticky toffee tart",Sweet
Christmas trifle,Sweet
Thai green prawn curry,
Slow cooker braised lamb shanks,
Eccles cakes,Sweet
The Hairy Bikers' trout almondine,
Orange and almond cake,
"Fresh farfalle with spinach, gorgonzola and walnuts",
Apple and Wensleydale pie,Sweet
Piri-piri prawns and harissa couscous,
Spicy beetroot and coconut soup with herby yoghurt,
Middle Eastern lentils,
Pumpkin celebration cake,Sweet
"Chorizo, chicken and chickpea casserole",
Kale and quinoa sautê© with orange tahini dressing,
Spiced apple chutney,Condiment
Coconut kisses with ginger filly Chantilly and a strawberry slice,Sweet
"Chargrilled steak with beer, mustard and watercress salad",
British beef Raj curry,
Smoky bean chilli with quinoa,
Chocolate chip cookies,Sweet
Brioches ê_ tê_te,Bread
Lamb fore shanks with English vegetables,
Leftover turkey and ham pie,
Beetroot and chocolate traybake,Sweet
Rich prawn curry,
Mediterranean chicken with potatoes,
Rum babas,Sweet
Chocolate fruit cake,Sweet
Plum clafoutis,Sweet
Barnsley chops with Cumberland sauce,
Quick canapê© crostini,
Spiced haddock chowder,
Cinnamon porridge with grated pear,
Scrambled eggs with pastrami,
Love cake,Sweet
Summer party gê¢teau,Sweet
Three easy dips for kids,Condiment
Baked sweet potato with easy black beans and purple slaw,
Kid_ã_s customised couscous salad,
Linguine with prawns and mussels,
Malaysian-spiced noodles with tofu,
"Golden flapjacks with mango, sour cherries and coconut",Sweet
Coq au vin,
How to make pizza,
Sausage rolls,
Chicken with tomato sauce,
Quick korma,
Soda bread,Bread
"Scallops with bacon, black pudding and colcannon",
Sweet potato pancakes with chilli beans,
Fragrant pilau rice,
Stress-free full English breakfast,
Mushroom purses,
Malaysian-style chicken curry,
Southern-style pork and beans,
Pot-roast chicken with potato ragê_,
Gluten-free blueberry muffins,Sweet
Chicken Caesar salad,
Gin and lime truffles,
"Baked cheesecake with blackberries, blueberries and  figs",Sweet
Miso chicken with walnuts and grapes,
'Nduja sausage and sheeps_ã_ cheese pizza,
Basic pancakes with sugar and lemon,
Avocado and bacon salad,
Korean fried chicken,
"Loin of pork with scrumpy sauce, candied walnuts, crisp black pudding and hispi cabbage",
Broccoli and anchovy pasta,
Mackerel and bacon salad,
"Pollack, chorizo and chickpea stew",
Mincemeat trifle,Sweet
Chocolate orange pond pudding,Sweet
Spicy jerk chicken thighs with peppers and rice,
Steamed sea bass with a rice noodle salad,
Royal icing,Sweet
Thai beef and mixed pepper stir-fry,
Coq au vin,
Homemade beans on toast,
Hake with button mushrooms and vinegar,
Baked Spanish risotto,
Baked camembert with garlic bread,
Gingerbread biscuits,
Mushroom and spinach pancakes,
"Slow cooker pork shoulder with butterbeans, apple and sage",
Crisp fried plaice,
Exceptional gammon with cider and cinnamon,
Marzipan berry cakes,Sweet
Easy roast potatoes,
Chocolate crispy cakes,Sweet
Curried chicken and rice salad,
Honey mousse with port jelly and fresh raspberries,
Classic lemon tart,Sweet
Microwave spaghetti bolognese,
Crisp bacon rosti with fried eggs,
Cheese and ham omelette,
Low-fat chicken tikka masala,
Cake pops,Sweet
Cappuccino pavlova,Bread
Spicy tomato sauce with gnocchi,
Salmon pie with spinach and hollandaise,
Lemon drizzle cake,Sweet
How to make an omelette,
Make-ahead Christmas gravy,Condiment
Fennel seed drop-biscuits,Bread
Pistachio and chocolate soufflê©,Sweet
"Roast beef with Yorkshire puddings, roast potatoes and gravy",
"Cumberland sausage, chicken and squash traybake",
Homemade fish fingers,
Spiced macadamia nuts,Sweet
Stir-fried chicken and broccoli with noodles,
Singapore noodles,
Extravagant five-tiered wedding cake,Sweet
Chocolate whoopie pies,Sweet
White chocolate bite-sized 'Napoleons',Sweet
"Grilled squid with lemon, garlic and cumin",
Christmas carrots,
Traditional wedding cake,Sweet
Tuna and broccoli pasta bake,
Roast fillet of beef with roasted garlic and mustard cream,
15 minute pasta,
"Bacon, egg and spinach salad with roasted tomatoes",
Peanut butter cookies,Sweet
Broccoli and Stilton soup with Stilton croê_tons,
Old-fashioned whisky cocktail,Beverage
Whole lemon cake with lemon cheesecake icing,Sweet
Mice in jackets,Kids
Lemon and ricotta tart,Sweet
"Lamb, red wine and rosemary casserole",
Panzanella,
Pasta with mushroom sauce,
Carrot and poppyseed salad,
Pumpkin lasagne,
Coffee and walnut cake,Sweet
Beef stir-fry,
Yorkshire pudding,
Marshmallow brownies,Sweet
Red lentil and aubergine moussaka,
St. Clements orange and lemon drizzle cake,Sweet
All-purpose easy butter cake,Sweet
Roast leg of lamb with mint jus,
Salt-crusted sea bass with runner bean salad,
Pancetta and parmesan puffs,
Doris Grant loaf,Bread
Fried bacon with poached egg and tomatoes,
Homemade beefburger,
Cauliflower soup,
Tuiles with chocolate mousse,Sweet
Venison with red cabbage slaw,
Red onion and Brie tartlets,
Fondant fancies,Sweet
Lush lemon pepper chicken,
Mushroom crostini,
Gammon and chips with pineapple and greens,
Almond tart,Sweet
Crab cakes,
Baked apples with Calvados sauce,sweet
Koli ishtew (chicken stew),
Scottish cranachan with a wee twist,Sweet
Union Jack battenberg cake,Sweet
Funfetti strawberry birthday cake,Sweet
Gammon with treacle bacon crust,
Lace pancakes,Sweet
Mussels with Bayonne ham and shallots,
Ricotta pesto,
Express bacon and pesto pasta,
Paul_ã_s kransekake,Sweet
Chorizo and bean quesadilla,
Individual strawberry shortcakes,Sweet
Sweet potato curry,
Vodka strawberry cheesecake,Sweet
How to make shortbread,Sweet
Sausage and bean casserole,
Banana pancakes with streaky bacon,Sweet
"Penne with tomatoes, chorizo and cream",
Prawns with garlic butter,
How to make fish pie,
Oat pancakes with raspberries and honey,Sweet
Spiced lamb burgers with herbed yoghurt,
Griddled lamb chops with inzimino,
"Shallot, onion and chive tart",
Green curry paste,
Fish soup-stew,
Spicy tofu and edamame beans,
Puy lentil bolognese with pasta,
Mexican steak burrito,
Disco pops,Sweet
Classic summer berry sorbet,Sweet
Orange rice cake,Sweet
Slow cooker minestrone,
Rhubarb and vanilla clafoutis,Sweet
Tarka dal with rice,
Chicken curry with basmati rice,
Fried red mullet with oranges and capers,
Warm potato salad with shallot dressing,
Mississippi mud pie,Sweet
Classic crêëme caramel,Sweet
Sardine and kale spaghetti,
Smoky tomato sauce for pasta,
Lancashire hot pot,
Pimms punch,Beverage
Triple-crown roast of lamb with a jewelled fruit stuffing and minted red wine sauce,
How to make banoffee pie,Sweet
"Lemon curd, mascarpone and almond pancakes",Sweet
Fruity kebabs,Sweet
Tomato confit canapê©s,
Pasta and bean soup (Pasta e fagioli),
Stir-fried chilli chicken,
Lemon drizzle traybake,Sweet
Pork and prawn dumplings,
Baked vanilla tart with Earl Grey prunes,Sweet
Coconut chicken noodle soup,
Christmas cocktail,Beverage
Barbecue ribs,
Pecan toffee cheesecake,Sweet
Cardamom and lemon stamped cookies,Sweet
Whisky-cured salmon with beetroot and blinis,
Creamy parsnip and apple soup,
Spiced beef empanadas,
Stir-fried corn and chilli,
Chocolate fondue with fruit platter,Sweet
Easy sticky toffee pudding with toffee sauce,Sweet
Forest truffle chicken,
Turkey and ham pie,
Herby smoked salmon omelette,
Quick flatbreads,Bread
Earl Grey martini,Beverage
Lemon and raspberry ê©clairs,Sweet
Buckwheat and butternut cupcakes with tahini maple icing,Sweet
Sachertorte,Sweet
Arlettes,Sweet
Sidecar,Beverage
Dreamlike shortbread,Sweet
Italian roast chicken with peppers and olives,
Schichttorte,Sweet
Potato soup with soured cream and chives,
Halloween ghost cupcakes,Sweet
Portuguese custard tarts,Sweet
Perfect cauliflower cheese with bacon and mushrooms,
Chocolate pecan tart,Sweet
Paneer-stuffed peppers,
Pitta chips,Bread
Plum pudding cake,Sweet
Beef stew with light herby dumplings,
Chicken kiev with mashed potato and green beans,
Vegan prune and ginger tart with almond pastry,Sweet
Miso ramen soup with buckwheat noodles,
Butternut squash ravioli with fried sage leaves and sun-dried tomatoes,
Lemon cake with lemon curd and double cream,Sweet
Lemon and mascarpone tart,Sweet
Roast chicken with fruity spelt,
"Hot smoked salmon, beetroot salad and horseradish crêëme fraêÎche",
Sichuan pepper beef stir-fry,
BBQ _ãÄbeer-can_ã_ chicken,
Cappuccino crêëme brê_lê©es,Sweet
Coconut ice cream,Sweet
Eight-strand plaited loaf,Bread
Lemon rice,
Celebration chocolate cake,Sweet
Spanakopita,
Turkey skewers and bulgur salad,
Mincemeat palmiers,Sweet
Cheese and onion pie,
Chocolate sponge cake,Sweet
Strawberry and almond crumble,Sweet
Apple and plum cake with rum caramel sauce,Sweet
Marinated minty lamb kebabs,
Creamy tomato soup,
Garlic-crust pizza with Parma ham,
Steak tartare,
Our special cassoulet,
Irish fish chowder with soda bread,
Plum crumble,Sweet
Tuna bean salad,
Madeira cake,Sweet
Summer berry cheesecake,Sweet
Chelsea buns,Sweet
Bean and rice burrito,
Cornbread,Bread
Victoria sponge,Sweet
Coronation chicken,
Honey mustard and garlic spatchcock chicken with sweet potato and mint mash,
Cardamom and beetroot smoothie sundae,Sweet
Whisky shortbread ding dangs,Sweet
Steak pie,
Spaghetti with roasted bolognese,
Rhubarb and custard,Sweet
Wilted red cabbage with ham hock,
Hand-raised Boxing Day pie,Sweet
Glamorgan sausages with red onion and chilli relish,
Spiced cauliflower with toasted coconut and red lentils,
Pear and apricot frangipane tart,Sweet
Christmas Genoa cake,Sweet
Bellini cocktail,Beverage
Paul Hollywood's scones,Bread
How to make carrot cake,Sweet
Giant pavlova,Sweet
Buttermilk scones,Sweet
"Raspberry, peach and almond tart",Sweet
Arctic roll,Sweet
"Smoked mackerel, radish, cucumber, dill and bulgur wheat grain bowl",
Mushroom and mozzarella burger with relish,
"Big, fat salt and pepper breadsticks",Bread
Bread sauce,Condiment
Mashed potato with garlic-infused olive oil,
Chermoula tofu and roasted vegetables,
Barbecue baby back ribs with celeriac slaw,
Slow-roasted pork belly with boulangêëre potatoes,
Chicken pasta bake (Saturday night pasta),
Almondy mince pies,Sweet
Iced lemon curd layer cake,Sweet
Make-and-freeze butternut squash and lime soup,
Grilled fruit with mascarpone,Sweet
Braised beef in red wine,
Potato and pea curry with tomato and coriander (aloo dum),
Meat feast calzone,
Baba ganoush,Condiment
Lemon drizzle muffins,Sweet
Pumpkin pie,
Spiced shepherd_ã_s pie,
Potato drop scones with grilled bacon and tomato,
Chilli pork with pineapple rice,
Veggie crumble,
Sicilian lemon and orange sweet bread,
Salted caramel and chocolate mousse,Sweet
Mackerel on toast with salted cucumber and horseradish,
Coffee and cardamom cake with pistachio cream,Sweet
Lentil curry,
Easy chocolate cake,Sweet
Five-spice roast chicken drumsticks,
Simple roast chicken with sweet potato and spicy yoghurt,
Tuscan fries,
Buttered Brazils,Sweet
Shortcrust pastry,Sweet
Ginger and treacle spiced traybake,Sweet
How to roast a turkey,
Popcorn espresso macchiato balls,Sweet
Lamb dhansak,
Lemongrass and ginger mussels,
Quick hot and sour noodle soup,
Fig flapjacks,Sweet
Chocolate and raspberry doughnuts,Sweet
Shepherd's pie with spiced parsnip mash,
Black bean and brown rice bowl with poached eggs,
Fillet steaks stuffed with goats cheese,
Make-ahead red cabbage,
Pumpkin stew with sour cream,
Bacon and mature cheddar straws,
Italian broccoli and egg salad,
Berry yoghurt,Sweet
Bakewell tart,Sweet
Poached quince and winter fruit in spiced wine,Sweet
Blueberry muffins,Sweet
Salmon with green butter,
Bacon and egg canapê©s,
Chicken pie,
Sausage and bacon rustic hotpot,
Paella,
Roast chestnuts,Side
Chocolate ê©clairs,Sweet
Nigel Slater's gazpacho,
"Turkey, stuffing and cranberry Chelsea buns",Sweet
Slow cooker chicken with lemon and olives,
Crackling pork belly,
"Sausage, pumpkin and sage casserole",
Slow cooker chickpea tagine,
Pear tart with Stilton and pistachios,Sweet
Berry cheesecake in a glass,Sweet
Tomato risotto,
Cobbled loaf,Sweet
Hot-smoked salmon kedgeree,
Potato rosti,
Chicken jalfrezi,
Hive cake,Sweet
Homemade Irish cream,Beverage
Welsh lamb in hay with tabbouleh salad,
Baked sea bream Rota-style,
Chicken pho,
Chicken with spicy rice,
Chicken in a creamy mushroom sauce,
Pan-roast lime feta and chilli greens burrito,
Mary Berry's hot cross buns,Sweet
Chicken and rosewater biryani,
Extra-lean burger and salad,
Sticky toffee pudding,Sweet
Gingerbread pancakes with Parma ham and maple syrup,Sweet
Caramel and coffee choux buns,Sweet
Semifreddo al torroncino (homemade nougat ice cream),Sweet
Chocolate cake,Sweet
Calf's liver with sweet and sour onions,
Lemony pond pudding,Sweet
Baked courgette fritters with marinara sauce,
Gingerbread robins,Sweet
Tandoori lamb wrap,
Jam roly poly,Sweet
Italian-style courgette and parmesan soup,
Vietnamese-style crayfish and noodle salad,
Stuffed butternut squash,
Rice pudding with rhubarb compêäte,Sweet
Jumble biscuits,Sweet
Chicken and butter bean casserole with basmati rice,
Roast monkfish with cumin and coriander spice and a baked aubergine purê©e,
Pork souvlaki with oregano,
Chicken and leek pie,
Cherry chapel hat pegs,Sweet
Vanilla panna cotta,Sweet
Easy mince pies,Sweet
"Chicken with chorizo, peppers and sage with spiced aubergine",
Chocolate brownie meringue cake with raspberry cream,Sweet
Chilli beef salad with coriander,
Pumpkin and ginger cheesecake,Sweet
Red mullet with baked tomatoes,
Mushroom millefeuille,
Wild salmon and asparagus quiches,
Mary Berry_ã_s lasagne al forno,
Knickerbocker glory,Sweet
Lavender cream meringues,Sweet
Thai roast chicken,
Hollywood_ã_s temptation,
Cumberland rum Nicky,Sweet
Thai fish cakes with a honey and cucumber dip,
Roasted cauliflower and lentil salad with red pepper sauce,
Chicken and black bean sauce with bok choi,
Chickpea flatbreads with tasty toppings,
Homemade buttery croissants,Sweet
Pot-roast turkey drumstick,
Easter lemon pavlova,Sweet
Chelsea buns,Sweet
Roasted butternut squash,
Yoghurt-spiced chicken skewers,
Cheat_ã_s chocolate tart,Sweet
Quick chicken Madras,
Bruno Loubet_ã_s bean and vegetable chilli,
Reindeer Christmas cupcakes,
Parkin with cider and golden syrup sauce,Sweet
Summer pudding,Sweet
Lemon and thyme pork schnitzel with potato salad,
Paul Hollywood's baguettes,Bread
Paul Hollywood_ã_s bloomer,Bread
Curried cauliflower soup,
Chocolate orange tart,Sweet
Broad bean and courgette pilaf,
Smoked mackerel pê¢tê©,
Lemon and pomegranate couscous,
La gran lasagna,
Diggers,Sweet
Onion gravy,Condiment
Leftover turkey and potato pie,
Brandy butter,Condiment
Mary_ã_s Viennese whirls,Sweet
Jungle chicken curry with rice,
How to make chilli con carne,
Basic braised mince,
Hot chocolate,Beverage
Spiced hot coconut drink,Beverage
Gluten-free blackberry and ginger cheesecake,Sweet
Gold millionaire shortbreads,Sweet
"Poached chicken with carrots, kale and mushrooms",
Sticky chicken thighs with lemon and honey,
Plum compêäte,Sweet
Whole poached salmon and lemon,
Chickpea and sweetcorn burgers,
"Beef ribs with barbecue sauce, baked potato and chive soured cream",
Sesame seed salmon with mirin,
Sausage and butterbean casserole,
Delia's any kind of cheese sauce,Condiment
Steamed Cantonese-style fish,
Roasted lamb with rosemary and paprika rub,
Oaty bar,Sweet
One pot chilli con carne,
Japanese-style chilli prawn canapê©s,
Mu shu chicken,
Whole strawberry and vanilla preserve,Sweet
Easy veggie stir-fry,
"Creamy chicken, ham and leek pie",
Pad Thai,
Cheese and cherry tomato muffins,
Tea-time mackerel,
Jerusalem artichoke soup with white truffle oil,
Veggie carbonara,
Neck of lamb stuffed with cannellini beans and hazelnuts,
Country vegetable soup with basil pistou,
Butternut squash soup with crisps,
Beef Wellington,
Eton mess,Sweet
Quick vegetable curry,
"Prawn, prosciutto and rosemary skewers",
Smoked haddock and cauliflower gratin,
Strawberries and cream cupcakes,
Moroccan grilled chicken with preserved lemon,
Veggie bean burgers,
Butter chicken curry and chapati,
Meatballs with herb salad,
Cherry clafoutis,Sweet
Almond-rolled goats' cheese,
Scotch broth,
Ceps tortellini with roasted nuts and sage butter,
Watercress and pea soup,
Sweet and tangy chilli beef,
Green pea dip with nachos,
Goat biryani,
Chicken biryani,
Asian-braised shin of beef with hot and sour shredded salad,
Pulled chicken with barbecue sauce and baked potatoes,
Mango and white chocolate cake with toasted coconut,
Posh roasted vegetables,
Slow cooker beef curry,
Sardinian couscous with clams,
Steak and kidney pudding,
Creamy salmon pasta bake,
Christmas turkey crown and stuffing,
Quiche Lorraine,
Halloween biscuits,Sweet
"Waffles with hot chocolate sauce, fried bananas and ice cream",Sweet
Italian Christmas pudding cake,Sweet
Sweet and sour stuffed aubergines,
"Pasta with almond, basil and pecorino pesto (pesto alla Trapanese)",
French apple tart with calvados and Chantilly cream,Sweet
Roasted figs wrapped in Parma ham with blue cheese and rocket,
Coconut fish curry,
Vegetable stock,Condiment
Mulled lamb,
Marmalade and almond cake,Sweet
Israeli chicken schnitzel with red cabbage and apple coleslaw,
Hearty party hotpot,
How to make meringues,Sweet
Chocolate almond Caprese cake,Sweet
Deep-fried ice cream with rum and raisin sauce,Sweet
Potato bread (Kartoffelbrot),Bread
Chicken and vegetable balti,
Chicken with red kidney beans,
Aromatic blackeye bean curry,
Blue cheese and fig tarts,
Smoked trout with watercress purê©e and chopped egg salad,
Honeycomb crunchies,Sweet
Pheasant breasts braised in cider,
Chow mein,
Banana muffins,Sweet
Chocolate truffles,Sweet
Sage and onion stuffing balls,
Paul_ã_s mum_ã_s ginger biscuits,Sweet
Savoury pies with Jarlsberg cheese and ham (Norwegian pierogi),
Bloody Mary,Beverage
Real guacamole,Condiment
Vegetable pullao,
Scrambled eggs with smoked salmon,
Strawberry jam,Sweet
Sticky gingerbread puddings with ginger wine and brandy sauce,Sweet
Minced beef pinwheels,
Creamy white wine chicken,
Fruit tarts,Sweet
Jollof rice with fried plantains,
Frozen chocolate chip cookies,Sweet
Christmas quackers,
Mexican bean stew,
Chicken and lemon tagine with herby tabbouleh,
Chocolate pasta with caramel and pecans,Sweet
Kerala king prawn and coconut curry,
Toffee apple crumble,Sweet
Mackerel with rhubarb chutney and orange and chicory salad,
English almond butter toffee,Sweet
Thai steamed salmon,
Multi-seed savoury crackers,Bread
Pork Wellington with black pudding and creamy apple sauce,
Madeira summer pudding with warm chocolate sauce,Sweet
Chicken and chorizo empanadas,
Citrus tart with rich shortcrust pastry,Sweet
Courgette and mint frittata,
Whole roasted masala chicken and potatoes,
Crisp paprika chicken on chorizo rice,
"Baked potato with bacon, taleggio and leek",
Slow cooker beef brisket with bean mash,
Chocolate banana cake,Sweet
Spaghetti with chilli and garlic,
Hot and spicy Thai squid salad (Yam pra-muek),
Nice and spicy Thai minced chicken salad (Larb Gai),
Winter crumble tart,Sweet
Mozzarella chicken with butter bean mash,
Hazelnut dacquoise,Sweet
Red lentil soup,
Chocolate orange swirl bread,Sweet
Blueberry galette with chocolate peanut ice cream,Sweet
Mascarpone and ginger crêëme brê_lê©e,Sweet
"Mini chestnut, apple and spinach Wellingtons",
Arancini with tomato and olive tapenade,
Warm chicken salad,
Pancakes with berries and white chocolate,Sweet
Tiramisini,Sweet
White chocolate brownies (blondies),Sweet
Intense chocolate cookies,Sweet
Basic white rolls,Bread
Glam mac and cheese,
Skinny beef lasagne,
Penne alla torrese,
Tomato soup,
Halloween cupcakes,Sweet
Cosmopolitan,Beverage
Kids_ã_ cheese and vegetable frittata,Kids
Chocolate brownies,Sweet
Celebration chocolate mousse cake,Sweet
Ham and eggs with roasted pepper sauce,
Chilli and lemongrass chicken,
Aubergine parmigiana,
Vegan chocolate fudge icing,Sweet
Chewy coconut macaroons,Sweet
"Pork, chorizo and butter bean stew",
Seychelles fish curry,
"Spinach, feta and pine nut parcels",
Tiramisu cake,Sweet
Aubergine and tomato canapê©s,
Thai chicken curry,
Date parcels stuffed with frangipane and pomegranate,Sweet
Pembrokeshire seafood,
Hot chorizo and mozzarella sandwich,
Christmas roast duck,
Shortcake biscuits with salted peanut caramel filling,Sweet
Nut roast,
Salted caramel and apple rolls,Sweet
Beef stew with dumplings,
Tofu croquettes with cranberry sauce,
How to make chutney,Condiment
Steak pasty,
Stollen,Sweet
Lardy cake crown,Sweet
How to prepare and cook squid,
Comforting cottage pie,
Kidney bean curry (rajma),
Everyday roast chicken,
How to make pancakes,Sweet
Duck ê_ la rhubarb,
No-churn ice cream,Sweet
Eggs Florentine,
How to make chicken teriyaki,
Deep fried calamari with garlic and lemon mayonnaise,
Turkey curry,
"Spicy tuna, tomato and olive pasta",
"Adaptable sage, onion and sausage stuffing",
How to make cinnamon buns,Sweet
Turkey enchiladas,
Ciabatta,Bread
Meatzza,Kids
Lemon chicken,
Mozzarella bruschetta with shaved fennel and courgette,
Ham croquetas with garlic mayo,
Apricot and brandy Christmas cake,Sweet
Colcannon,
"Spicy lamb burgers with coriander, tomato and yoghurt relish",
Battenberg cake,Sweet
Roast leg of lamb with rosemary and garlic,
Vegetarian nut roast pie with cranberries,
'Dragon prawn' noodles,
Sage sausage stuffing,
Braised lamb shank with bay and borlotti beans,
"Butternut, pecan, ricotta and sage pasties",
Really easy mushroom risotto,
Fish and chips with tartare sauce,
Baked lime cheesecake,Sweet
Maple and balsamic glazed lamb chops with couscous,
Venison casserole,
Christmas pudding fridge cake,Sweet
Gluten-free Venetian carrot cake,Sweet
"Roquefort salad with pears, chicory and walnut oil",
Mixed bean salad,
"Chicken, cider and apple casserole",
Nigel_ã_s lazy loaf,Bread
Celeriac remoulade,
Rabbit and pancetta pot pies,
Mokatines,Sweet
Whole tandoori chicken with coriander chutney,
Deconstructed cream tea,Sweet
"Cinnamon, apple and custard Danish",Sweet
Five-spice braised beef,
Tarte tatin,Sweet
Estonian lamb shanks,
Snowman biscuits (Christmas cookies),Sweet
Root vegetable Thai curry,
Fat pancakes with fried apples,Sweet
Chicken curry,
Simple Goan chicken curry,
Pork sausages with pineapple salsa and rocket salad,
Carrot cake muffins,Sweet
Zesty tofu cheesecake,Sweet
Beef in oyster sauce,
Spicy chickpea burgers with mango salsa,
Traditional gravy,Condiment
Strawberry jam tarts,Sweet
Chilli salad bowls,
Devilled kidneys,
Risotto alla Parmigiana,
Meatballs with cherry tomato sauce and tagliatelle,
Chicken with chorizo and potatoes,
Chicken and cashew nut stir-fry,
Fabulous fish pie,
Patatas bravas,
Spiced orange cake with Christmas pudding ice cream,Sweet
Fondant potatoes,
"Sicilian pasta with tomatoes, garlic and almonds",
Beetroot pie,Sweet
Lemon and strawberry roulade,Sweet
Stilton-stuffed mushrooms with cranberry relish,
St Lucia buns,Sweet
Beef and chorizo with horseradish mash and rosemary dumplings,
Easy chocolate birthday cake,Sweet
Dundee cake,Sweet
Festive fruit salad with brandy snap,Sweet
Albanian baked lamb with rice (Tavê_ kosi),
Suriani home-style chicken curry (_ãÄishtu_ã_),
Cheat's salted caramel sauce,Sweet
Mexican tortilla bake,
Chicken nuggets with easy BBQ sauce,
Girl_ã_s birthday cake,Sweet
Creamed Brussels sprouts,
Quick syrup and lemon sponge pudding,Sweet
"Turkey salad with Chinese cabbage, beansprouts and Vietnamese mint",
"Kozani chicken with prunes, saffron and paprika",
General Tso_ã_s chicken with garlic chive and mushroom noodles,
Swiss cheese fondue,
Paul_ã_s mum_ã_s jam tarts,Sweet
How to make custard,Sweet
Christmas cake,Sweet
Roasted vegetable stack with griddled halloumi cheese,
Express lasagne,
Rye bread,Bread
Prawn cocktail with Marie Rose sauce,
Carrot and sultana cake with creamy orange frosting,
Fishcakes,
Medium-cut Seville orange marmalade,Condiment
Homemade garlic bread,
"Smoked mackerel, spinach and spring onion tart",
Chicken quesadillas and sweetcorn salsa,
Beer-marinated rack of pork with Swiss-chard gratin,
How to make puff pastry,Sweet
Raspberry and pistachio ê©clairs,Sweet
Gazpacho Hispaniola,
Sourdough starter,Bread
Greengrocers' hotpot,
"Potato, leek and cheese pie",
Clementine and cod curry,
"Pardina lentils with white wine, Serrano ham and pimentê_n",
Lime and coconut meringue pie,Sweet
BBQ sauce,Condiment
How to make French onion soup,
Tom's fried chicken in a basket,
Fish fingers with pitta bread,
Mary's Black Forest gê¢teau,Sweet
Classic Cornish pasty,
Egg and bacon pie,
Pizza expressed three ways,
Bacon rarebit with apple chutney,
Lime and chipotle black bean tacos,
Beef Wellington,
Chargrilled sweet and sour prawns,
Spicy crab cakes,
Coq au Pouilly-Fumê©,
Spicy Middle Eastern kofte,
Throw-together banoffee pie,Sweet
Tabbouleh,
Rum-flavoured pineapple upside-down cake,Sweet
Cod with lemon and capers,
Chicken curry (shorshe murgi),
Dampfnudel,Sweet
Lemon pavlova,Sweet
Peppermint creams,Sweet
Sweet and sour chicken,
Sugar-free strawberry and banana ice cream,Sweet
Turkey crown with orange,
"Spiced chickpea, red pepper, aubergine and quinoa grain bowl",
Neopolitan baked Alaska,Sweet
Thai green chicken curry,
Knickerbocker glory,Sweet
Raspberry millefeuille,Sweet
Chocolate and prune tart,Sweet
Tuna and sweetcorn pasta salad,
Hazelnut butter grilled scallops with salad,
Mulled wine trifle,Beverage
Bolognese ragê_ with pappardelle,
Chocolate Christmas pudding cheesecake,Sweet
Perfect roast turkey and stuffing,
Salade Niê_oise,
Spaghetti with garlic and chilli,
Asparagus and poached egg puff tarts with parmesan and basil,
Chicken and chorizo rice,
Rhubarb fool,Sweet
Sage and onion stuffing,
Beef hotpot,
Mince pies,Sweet
Swiss roll with homemade raspberry jam,Sweet
Olive breadsticks,
Quinoa and halloumi burger,
'Lion head' meatballs,
Tortilla towers,
Tom Kerridge_ã_s butternut squash and sage risotto,
Pad Thai,
Beef Wellington with wild mushroom Madeira sauce,
Cranberry and coconut energy bars,Sweet
"Breast of lamb with broccoli, anchovy and caper dressing",
Carrot and chickpea traybake,Sweet
Rice pudding,Sweet
Lasagne,
Hasselback potatoes with bacon,
Smoky baked chickpeas,
Pizza dough base,
Turkish spiced chicken with flatbreads and green relish,
Salmon with buttered leeks and yuzu dressing,
Chilli crab with egg noodles,
Parmesan and poppy seed lollipops,
Southern-fried chicken and coleslaw,
Mincemeat,Sweet
Curried roast parsnip soup with vegetable chips,
Coconut samosas,
Ricotta dumplings,
Baked cod with herby crust,
Easy chicken tagine,
Perfect apple pie,Sweet
How to roast pork loin with crackling,
Broccoli and salmon bake,
Nutty oat energy bars,Sweet
Stir-fried pork with ginger and soy sauce,
Toffee apple sponge pudding,Sweet
Low-fat beef and potato pies,
Chocolate reflection cake,Sweet
Ultimate indulgence mirror glaze cake,Sweet
Herring with dill and mustard potato salad,
Easy Eton mess,Sweet
Charlotte royale,Sweet
How to make preserved lemons,Condiment
Cottage pie with dauphinoise potato,
Garam masala,Condiment
Crispy fish fingers,
Spicy chilli con carne with guacamole,
Chocolate marshmallow brown sugar fudge,Sweet
Chickpea curry,
Sugar-free chocolate brownies,Sweet
Sweet potato and chickpea curry,
Moroccan flatbread wraps with harissa,
Eye-health smoothie,Beverage
Alpine pizza,
Goat-herd pie,
Celery baked in vinaigrette with pancetta and shallots,
Festive chocolate flapjacks,Sweet
BBQ chicken with coleslaw,
Sun-blushed tomato and feta salad,
Asparagus soup,
Homemade chocolate Easter eggs,Sweet
Chicken and mushroom pie,
Mussels _ãÄRockefeller_ã_ style,
Three-tier red velvet cake,Sweet
Slow cooker chilli con carne,
Whole sea bass baked on anchovy and garlic potatoes with a pickled pumpkin and walnut salad,
Sweet and sour slaw,
"Slow roast leg of lamb with chardonnay, rosemary, sage and bay",
Thai chicken pie,
Mulled wine,Beverage
Bacon and white bean soup,
Hidden vegetables shepherd_ã_s pie,
Poached pears in Sauternes,Sweet
Penne with courgette flowers,
Black Forest cranachan,Sweet
Potatoes in their skins,
Lamb burgers with mint mayo and tomato relish,
Nigel's spaghetti bolognese,
Blueberry and lemon traybake,Sweet
"Roasted sea bass with sweet potato, tomatoes and thyme",
Spicy sausage pasta,
Sloe gin and blackberry jelly,Sweet
How to cook pork belly,
Classic rich chocolate sauce,Sweet
Leek soup,
Shortcut sausage meatballs,
Toasted cashew and chilli broccoli salad with sesame soy dressing,
Tomato chutney,
Rolled roast loin of pork with homemade apple sauce,
Homemade chocolate truffles,Sweet
Beef chilli with bitter chocolate,
Goats' cheese and shallot tarts,
Focaccia with rosemary,
Prawn and chorizo linguine with lime,
Mango smoothie,Beverage
Real proper custard,Condiment
Irish cream and chocolate cheesecake,Sweet
Strawberry cheesecake,Sweet
Sambuca kisses,Sweet
Coronation chicken,
Gooseberry snow,Sweet
Chocolate salame,Sweet
Simple fish dish,
"Steak, sweet potato fries and baked onion rings",
Rogan josh,
Mulligatawny soup,
Mojito,Beverage
Bolognese sausage ragê_ with tagliatelle,
Gingerbread cupcakes with salted caramel icing,Sweet
Bara brith,Bread
Bakewell tart with cranberry frangipane,Sweet
Chicken carbonara,
Highland beef salad,
Cherry Bakewell fondant fancies,Sweet
Indian fried chicken,
Moroccan-style chicken casserole,
Tomato rubbed toast,
Mary_ã_s Christmas choux wreath,
Steamed ginger fish served with egg-fried rice,
Pulled pork with spicy coleslaw,
Strawberry ice lollies,Sweet
Pierogi,
The ultimate veggie burger,
Oriental vegetable kebabs with peanut dressing,
Sloe gin,Beverage
Almond lentil stew,
Quick broccoli pasta,
Sandwich bread loaf,Bread
Lamb madras with bombay potatoes,
Turkey meatballs with spaghetti and tomato sauce,
Chocolate and coffee fondant fancies,Sweet
The skinny tart,Sweet
Swedish meatballs with cream sauce,
Peanut butter cookies with banana ice cream,Sweet
Mushroom soup,
Hot cross bun bread and butter pudding,Sweet
Quick tomato and basil tart,
Basic buttercream icing,Sweet
Thai green curry,
White fish and bacon parcels,
Honey flapjacks,Sweet
"Fig, cream cheese and mint tart",
Homemade gravad lax with cucumber salad and mustard sauce,
Braised red cabbage with apples and sherry vinegar,
Carrot and coriander soup,
Chapatis,
Indian potato raised pie,
Swedish-style mini-meatballs,
Mary_ã_s Victoria sandwich,Sweet
Icelandic breaded lamb chops with spiced red cabbage,
Honey and marmalade-glazed gammon joint,
Roast pork with crackling,
Corn tortilla,
Chocolate and stout cake,Sweet
Southern-fried buttermilk chicken with tomato salsa,
Gluten-free apple and almond cake,Sweet
Lemon and poppy seed drizzle cake,Sweet
Skinny lemon cupcakes with drizzly icing,Sweet
Quick and easy sushi maki (sushi rolls),
Pork chops with celeriac mash and apple and ale gravy,
Lime and cranberry bread and butter pudding,Sweet
Gingerbread house,Sweet
Floating islands,Sweet
Courgette and caraway cake,Sweet
Roasted cauliflower cheese,
Healthy oven chips,
Coffee and walnut cake,Sweet
Chicken with rice (arroz con pollo),
Vegetable biryani,
Roast goose with chickpea and lemon stuffing,
Rick Stein's tiramisu,Sweet
Low-fat bacon and lentil soup,
"Creamy chicken, bacon and basil pasta",
"Warm salad of broad bean, mangetout, peas, roasted beetroot and mozzarella",
Mary Berry's sage and onion stuffing balls,
Black Forest gê¢teau,Sweet
Gooey chocolate fondant puddings,Sweet
Fresh tomato salsa (with bruschetta variations),
Seafood risotto,
Brussels sprouts with pancetta,
Peri peri roast chicken,
Asparagus with fettuccine and smoked bacon,
Stuffed Portobello mushrooms with blue cheese,
Crispy duck salad,
Cheesy pasta with courgette and peas,
Sausage rolls with caramelised red onions,
Spaghetti vongole,
Potato salad,
Preserved plum tart,Sweet
Pesto and salmon parcels,
Roasted sausage and potato supper,
Galaktoboureko with orange syrup,Sweet
Raymond Blanc_ã_s baked cheese _ã–fondue_ãù,Sweet
Chestnut and mushroom pie,
Minestrone with butternut squash _ãÄnoodles_ã_,
Pretzels,
Kouign amann,Sweet
Annika's glê_gg (Annika_ã_s mulled wine),Beverage
Beef and mustard pie,
Double baked cheese soufflê©s,
Croque monsieur,
Potato soup,
Lamb rogan josh,
Passion fruit and lime Charlotte russe,Sweet
Pitta bread,Bread
Rich chocolate brownies,Sweet
Christmas pudding cake,Sweet
Lemon sultana cake,Sweet
Fried aubergine with fennel yoghurt,
Sprouts with chestnuts and pancetta,
Lemon-and-herb stuffed shoulder of lamb,
Singapore-style noodles,
Gin and tonic granita,Beverage
Curly kale (or cavolo nero) with rosemary and chilli,
Baked burrito,
Asian meatball noodle stir-fry,
Veggie kedgeree,
Seedy sesame noodles with peas and broad beans,
Ma's macadamia salad,
Cheesesteak sandwich with grilled onions,
Clootie pudding,Sweet
How to make Christmas pudding,Sweet
Travelling laksa,
Deep-fried chicken wings al ajillo with braised peas and serrano ham with eggs,
Fresh plum chutney,Sweet
Chocolate pot with ginger,Sweet
Chocolate barmbrack bread,Sweet
Gooseberry jam,Sweet
Slow-cooked black treacle ham,
Chicken with spinach,
Carrot and coriander falafel,
Gratin of chard and new potatoes,
Artichokes alla Romana,
Pê¢te sucrê©e (sweet shortcrust pastry),Sweet
Simple blackcurrant jam,Condiment
Lemon and almond cake,Sweet
Spicy black bean quesadilla,
Macaroons,Sweet
Raspberry and pistachio cake trifle,Sweet
How to cook mussels,
Black bean steamed scallops with noodles,
Boeuf bourguignon with baguette dumplings,
Catalan fish stew,
Greek salad,
"Kipper, spinach, bacon and new potato salad",
Langues de chat biscuits,Sweet
Macaroons,Sweet
Chorizo tapas,
Quinoa and bulgur wheat salad with lemon and pomegranate,
Crumbed lamb steak with swede mash,
"Pears poached in cardamom, cinnamon and chilli syrup with salted caramel sauce",Sweet
Meatballs with tomato sauce,
Adaptable bean soup,
How to make pea and ham soup,
Christmas wreath biscuits,Sweet
Grandma_ã_s chocolate cake,Sweet
Black Forest cupcakes,Sweet
Watermelon ice lollies,Sweet
Ruby-red plum and amaretti crumble,Sweet
Canadian buttermilk pancakes with maple syrup,Sweet
Slow cooker dal,
Chicken with chorizo bean stew,
Homemade scones,Bread
Fruit and cobnut crumble cream,
Frozen elderflower posset,Sweet
Winter salad,
Perfect roast pork belly with cabbage and bacon,
Treacle tart,Sweet
"Potato, onion, sage and gruyêëre tart",
Quick beany enchiladas,
Chocolate chip fluffy pancakes,Sweet
Chicken nuggets with smoked paprika and anchovy mayo,
Lunchbox chorizo frittata,
Honey cake,Sweet
Damson cobbler,Sweet
Chilli-glazed sticky ribs,
Five-spice duck breasts with honey and soy,
Chicken and bacon lattice pie,
Sage and onion tear and share bread,
Summer fruit smoothie,Beverage
One-step no-churn coffee ice cream,Sweet
Sweet and sharp sea bass,
Bunny burgers with chunky chips,
"Chicken, pesto and rocket sandwich",
Cauliflower couscous with kale and feta fritters and tomato chutney,
Quiche Lorraine,
Low-sugar Christmas biscuits,Sweet
Original crêëme brê_lê©e,Sweet
How to make Yorkshire puddings,Bread
Tea sandwiches,Snack
Moussaka,
Moroccan lamb tagine,
Baked salmon with parmesan and parsley crust,
Sicilian-style salmon with garlic mushrooms,
Plum glitter jam,Condiment
Cheesecake brownies,Sweet
Chocolate chip cookie dough pots,Sweet
Mediterranean bean stew with potato griddle cakes,
Dark and sumptuous chocolate cake,Sweet
Roasted red pepper bruschetta,
Aubergine chips with fennel yoghurt,
"Hearty wholewheat pasta with Brussels sprouts, cheese and potato",
"Chestnut, roasted  butternut squash and Bramley apple soup",
Salted caramel and coffee ê©clairs,Sweet
Spicy beef burger,
Spicy lentils and chickpeas,
Multi-seeded wheat-free bread,Bread
Low-fat beef and bean burrito with lime yoghurt,
Traditional Yorkshire pudding,Bread
Petalberry jam,Condiment
Fruity fritters,Sweet
Nigel Slater's apple crumble,Sweet
Prawn cocktail,
Spaghetti all'arrabbiata,
Treacle pudding,Sweet
Bake-in-a-bag fish,
How to make profiteroles,Sweet
Arroz verde,
Luxury fish pie,
Steak and kidney pie,
Turkey mince stir fry with basil,
Mince pies,Sweet
Fish pie with soufflê© crouton topping,
"Lighter chicken, bacon and leek pies",
Angel food cake with lemon curd,Sweet
Beef Wellington with tarragon sauce,
Key lime pie,Sweet
Poached eggs with bacon and tomatoes,
Steamed liquorice sponges,Sweet
Carrot and coriander fritters,
Roast pork belly with apple bread sauce and rib gravy,
Chocolate and cherry buns,Sweet
"Bacon, egg and cheese muffins",
Chicken stir-fry,
Pork meatloaf with soured cream (Faschierter Rahmbraten),
Vegetarian haggis stuffed mushrooms,
A classic sponge cake (with passion fruit filling),Sweet
Penne with spicy tomato and mozzarella sauce,
Scary Halloween cookies,Sweet
Scouse eggs,
Creamy pasta with salmon,
Thai lamb salad with spicy dressing,
Blackberry and apple crumble smoothie,Beverage
Potato wedges with rosemary,
Garlic roasted mushroom on toast,
Sticky lamb buns with a pickled cucumber relish,
Fennel and feta linguine,
Hot chocolate soufflê©,Sweet
Mary's sticky toffee pudding,Sweet
Bonfire toffee,Sweet
Homemade hotdogs,
Pot roasted pheasant with cider and calvados,
Citrus spiced salmon,
Tuna pasta bake,
"Apple, rocket and feta buckwheat galettes",Sweet
Low-fat Christmas pavlova,Sweet
Greek salad,
Sugar-free spiced carrot cake with orange cream cheese frosting,Sweet
"Crispy salmon, polenta chips and grilled asparagus",
Spicy chicken thighs with cucumber and cashew salad,
Maple bacon lollies,Sweet
Liver and bacon with onions and gravy,
Chocolate and orange iced biscuits,Sweet
How to make cheesecake,Sweet
Chicken fajitas with tomato salsa,
Chicken and pea risotto,
Bara brith,Bread
Broad bean and feta frittata,
Chilli beef with jacket potatoes,
Chargrilled sea bass summer rolls with pineapple dipping sauce,
Raspberry and cherries jubilee trifle,Sweet
Stuffed paratha for kids,Kids
Red velvet cake,Sweet
Bill's spicy sausage pasta,
Wilted spinach and poached egg on toast,
Traditional chicken pie,
Roast vegetable and lentil salad,
Scallops beurre blanc,
Lamb-stuffed aubergines with Moorish spices and Manchego cheese,
Meatloaf,
Old rag pie,
Hazelnut and orange biscotti,Sweet
Rabbit casserole,
Turkey roll with Christmas crumble topping and sage and onion stuffing,
Pumpkin cheesecake,
"Prawn, sweet potato and lime curry with chilli and black pepper roti bread",
Kedgeree,
Mary Berry_ã_s Easter biscuits,Sweet
Pancake Day pancakes,Sweet
Easy margherita pizza,
Roasted Jerusalem artichokes,
Religieuse,Sweet
Game pie,
Rolled lemon pancakes with blueberries and yoghurt,Sweet
Roast belly of pork with root vegetables,
Savoury biscuits,
Falafel burger with hummus,
Lardy cake,Sweet
Perfect Christmas pudding,Sweet
Dolmades,
Paul_ã_s Kanellê_ngd,Bread
Chickpea and butternut squash casserole with scone topping,
Spaghetti alla carbonara,
Grilled lamb with feta and lemon,
Gluten-free fish and chips with minty peas,
Salmon and Puy lentils with parsley,
Snowman pancakes with orange and spice,Sweet
Fish soup with rouille-topped crostini,
Bengali butternut squash with chickpeas,
Bagels,Bread
Cheese scone,Bread
Healthy sweet and sour king prawn stir fry,
Baked poached haddock and egg pots,
Rack of lamb with salsa verde,
Dal saag,
No-churn lemon yoghurt ice cream,Sweet
Real mint sauce,Condiment
How to make cream cheese frosting,Condiment
Bê©chamel sauce,Condiment
Lentil shepherd's pie with champ,
Lamb and flageolet bean stew,
Bacon eggy bread,
Gingerbread baubles,Sweet
Smothered leeks and kohlrabi,
Chinese-style prawn filo tartlets,
Spiced pavlova with plums and cherries,
Cardamom and white chocolate sponge,Sweet
Turkey meatballs in tomato sauce,
Malt loaf,Bread
Indian deep-fried soft-shell crab with lime pickle,
Vegetable pad Thai,
Banana bran muffins,Bread
Homemade beans on toast,
Sloe gin fizz,Beverage
Mini stollen,Sweet
Harissa spiced lamb with cannellini beans,
"Apple, sultana and cinnamon swirls",Sweet
Povitica,Sweet
No-churn blueberry and lemon ice cream,Sweet
Avocado hummus,Condiment
Pilau rice,
Simple chorizo and bean stew,
Oxtail stew,
Mussel stew with garlic,
Easter garibaldi biscuits,Sweet
Simple two-tiered wedding cake,Sweet
Jumbo prawns with tomatoes and garlic,
Dad_ã_s banana custard trifle,Sweet
Softened sweet onion and crisp fried fish,
Shakshuka,
Beetroot seed cake,Sweet
Stir-fried vegetable wraps,
Thai vegetable curry,
Moist carrot cake with coconut orange cream,Sweet
Orange cake,Sweet
"Spiced slow-cooked mutton with Mexican chillies, purê©ed squash and sautê©ed chard",
Charlotte royale,Sweet
Spiced lamb with couscous salad,
Chicken stir-fried with pak choi,
Healthy tuna pasta with salad,
"Avocado, tomato, feta and brown rice grain bowl",
Dukkah lamb cutlets with quinoa salad,
Sautê©ed potatoes with lemon and rosemary,
"Smoked haddock, mustard butter sauce and Iberico ham",
"Oat, maple and pecan granola",Snack
Chilli-spiced salmon,
Chicken chasseur with creamy mash,
Eastern-spiced shepherd_ã_s pie with Bombay potato topping,
Mini smoked salmon and dill cakes,
Hot cross buns,Bread
Last-minute Christmas cake,Sweet
Raspberry ripple ice cream,Sweet
"Mustard, bacon and caramelised onion scones",
Radish and sesame soy noodle salad,
Grilled aubergine salad,
Sweet potato gumbo with cornbread muffins,
Beef and horseradish sausage rolls,
Lemon curd,Sweet
Cauliflower salad with barbecue chicken and honey,
How to make chilli pepper jam,Condiment
Super spring salad,
Isle of Wight stuffed tomatoes,
Oven-fried chilli chicken,
Red onion tarte tatin,
Fresh sardines on toast with sweet pickled red onion,
Low-fat roast potatoes,
Harissa baked fish with bulgur wheat,
Mary's tea time scones,Sweet
Mocha and tutti frutti cream horns,Sweet
"Bulgur wheat salad with beetroot, honey and goats' cheese",
Lemon and lavender posset with lavender biscuits,Sweet
Fish tacos,
Smoked salmon open-topped sandwich,
Croque monsieur kites,
Braised steak with gravy,
Carrot and courgette muffins,Bread
Mediterranean-style lamb chops,
Brandy snaps,Sweet
'Guilt-free gourmet' sticky toffee pudding,Sweet
Chocolate and peppermint roulade,Sweet
Jam-filled butter biscuits (sables),Sweet
Vegetables with red pepper rouille,
Ginger-glazed carrots,
Tropical churros,Sweet
Green chutney,
Rosemary-roasted almonds,Snack
Shredded duck with plums and chilli flatbread,
Stir-fried oyster mushroom broth,
Quinoa goji tabbouleh,
Coarse country terrine,
Griddled halloumi,
Easy cookies,Sweet
Curried carrot soup,
"Feta, rocket and olive pasta salad",
Cream of celeriac soup,
Grilled pork chop with almond croquettes and salad,
"Escalope of chicken with rocket, sage and lemon",
Hot mustard pickle,Condiment
Blackcurrant and liquorice Swiss roll,Sweet
Mary_ã_s Bakewell tart,Sweet
Summer salad,
Easy roast chicken with gravy,
"Cherry tomato, marinated feta and basil skewers",
Mary Berry_ã_s treacle tart with woven lattice top,Sweet
Warm chocolate and amaretto pudding,Sweet
"Chargrilled courgette with basil, mint, chilli and lemon",
Pappardelle with slow-cooked beef and mushrooms,
Kids_ã_ any-fruit cobbler,Sweet
Tomato and chilli jam,
How to make sourdough bread,Bread
"Malt, chocolate and orange iced _ãÄbeer_ã_ biscuits",Sweet
Gingerbread man Christmas cake,Sweet
Apple crumble with walnuts and sunflower seeds,Sweet
Asparagus with pearl barley and bacon,
Banana and maple syrup cake,Sweet
Barbecued sirloin with chimichurri sauce,
Beef stroganoff with matchstick potatoes,
Nigel Slater's Thai green curry,
Roasted lamb shanks,
Stir-fried chicken with black bean sauce,
Irish beef stew,
Yorkshire puddings,Bread
Patatas bravas,
Macaroni cheese,
Edamame falafel with roasted veg,
How to cook roast beef with Yorkshire puddings,
Raspberry panna cotta with doughnuts,Sweet
Sugar-free mango and lime mousse,Sweet
Steak with peppercorn sauce,
Beef and ale stew with dumplings,
Mutton chops with potato and turnip gratin,
Noodle salad with chilli nuts,
Floral tea cake,Sweet
Chicken with satay sauce,
Lighter Thai green vegetable curry,
Chicken breasts stuffed with sage and mustard,
Brilliant breakfast omelette,
Old fashioned rabbit stew,
Easy chow mein for kids,
Gobi 65,
Hazelnut and parmesan-crusted chicken,
Mincemeat streusel,Sweet
Pork belly with lentils and black cabbage salsa,
Plum leather belts,Sweet
Jerk chicken,
Chorizo and couscous stuffed marrow,
Chicken chasseur with creamy mash,
Hake with chorizo and potatoes (Merluza ê_ la Gallega),
King prawn and scallop stir fry,
Cheat's strawberry gê¢teau,Sweet
Simple cod gratin with bê©arnaise sauce topping,
German apple cake,Sweet
Paneer and vegetable skewers,
Salt and pepper Sichuan prawns with soy chilli dipping sauce,
Fillet of beef Prince Albert,
Blackberry and apple pastries,
"Marinated ribs with tomatillo salsa, guacamole and tortilla chips",
Vegetable garden risotto,
"Leftover turkey pasta with bacon, peas and cream",
Crispy filo mince pies with pear and apple mincemeat,Sweet
Bangers and mash,
Stained glass window biscuits,Sweet
The ultimate masala tea,Beverage
Bubble and squeak and candied shallots,
Kids' baked potato gnocchi with pesto,Kids
Peppered beef with salad leaves,
Plum and marzipan tarte tatin,Sweet
Bangers with herby mash and onion gravy,
Veggie sausage rolls,
Vegetable pakoras and coconut dal,
Tear and share Christmas Chelsea buns,Sweet
Peking-style vegetable dumplings,
Boiled egg with rye bread soldiers,
Teriyaki chicken,
Chicken pot pie with spicy coleslaw,
Roast squash and sweet potato soup with buttermilk blue cheese sauce,
Chocolate mousse with fiery ginger shortbread and candied orange peel,Sweet
Cholent,
Gluten-free banana bread,Sweet
Prinsesstê‰rta,Sweet
Lighter lamb hotpot,
Tunis cake,Sweet
Ras-el-hanout baked chicken,
Our paella,
Easter lamb with peas,
Winter lamb hotpot,
Berry crumble traybake,Sweet
Salmon Wellington,
Easter biscuits,Sweet
Socca pancakes with roasted peppers and avocado,
Apricot couronne,
Almond and lemon polenta cake with orange mascarpone,Sweet
Victoria sponge with strawberry jam,Sweet
French toast with bananas and maple syrup,Sweet
"Slow cooker chicken, ham and leek pie filling",
Tomato ragê_,
Roast pork with roast potatoes and gravy,
Mini pear pies,Sweet
Apple and rhubarb muffins,Sweet
Easy potato and pea samosas,
Spiced whole orange cake with orange mascarpone icing,Sweet
Cherry Bakewell cupcakes,Sweet
Bara brith sheep biscuits,Sweet
Viennese whirl biscuits,Sweet
Fat rascals,Sweet
Sherry trifle,Sweet
Grilled salmon Niê_oise,
Rich beef and mushroom stew,
Strawberry saffron dip (shrikhand),
My favourite stuffing,Condiment
"Beetroot, lentil and goats_ã_ cheese salad",
"Roast cauliflower, cumin and coconut milk soup",
Spicy lamb albondigas (meatballs),
"Garlic, chilli and broccoli stir-fry",
Grilled aubergines with miso,
Pork vindaloo,
Flower power pizza,
Rye crispbread,Bread
Fennel sausages braised with lemony potatoes and bay leaves,
Carrot cake cupcakes with cream cheese frosting,
Chocolate fondant tart,Sweet
Spiced North African-style eggs with homemade flatbreads,
Pear frangipane,Sweet
Super satay chicken,
Mustard and lemon sausages with carrot mash,
Root vegetable gratin,
"Kale, pea and ricotta fritters",
Chicken liver pê¢tê©,
Pork with red pepper and noodles,
Smoked mackerel pate and cucumber sandwich,
Red mullet with linguine tossed in chilli and garlic,
Roast shoulder of lamb with herbs and honey,
"Parsley, tomato and bulgar wheat salad",
Mom_ã_s meatloaf,
Coffee crêëme caramels,Sweet
"Stilton, spinach and new potato quiche with walnut pastry",
Christmas brownies,Sweet
Christmas rocky road,Sweet
Crisp sea bass tortillas with pink pickled onion,
Roast potatoes,
Easy white bread,Bread
Mary Berry's classic Christmas cake,Sweet
Pulled beef brisket in a milk bun,
"Mexican sweetcorn pancakes, poached eggs and salsa",
Gluten-free passion fruit and coconut cake,Sweet
Bramley apple slice,Sweet
Salt pork belly with split pea purê©e and sauerkraut,
Chocolate tart with white chocolate sauce,Sweet
Yorkshire pudding,Bread
Spicy chorizo squash parcels,
Pancakes with Parma ham and asparagus,
Savoury pancakes with ham and cheese,
White chocolate cheesecake,Sweet
Chicken chow mein,
Speculaas biscuits (traditional continental Christmas biscuits),Sweet
Special fried rice,
"Tagliatelle with cavolo nero, chickpeas and pecorino",
Rock cakes,Sweet
Nutty toffee apples,Sweet
Smoked salmon pê¢tê©,
Hummingbird cake,Sweet
Lower-fat chocolate brownies,Sweet
Butternut squash and prawn curry with noodles,
Tamarind and lemongrass beef,
Oven-cooked chicken shawarma,
Iced berries with limoncello white chocolate sauce,Sweet
Pork and fennel casserole,
Sponge cake,Sweet
"Smoky chilli chicken wings, spiced potato wedges and padron peppers",
Sangria,Beverage
Raspberry and cream cupcakes,Sweet
Syrup sponge in the microwave,Sweet
Stout bread,Bread
Chocolate creation showstopper,Sweet
Piri-piri chicken,
Pork chop _ã–Maman Blanc_ãù with sautê© potatoes,
Posh sausage roll,
Porcini nut patties,
Chicken tikka masala,
Light and fruity mince pies,
Homemade lemonade,Beverage
Beef tortilla wraps,
"Tuna, rocket and lemon pasta",
Latvian salad,
Penne with halloumi and cherry tomatoes,
Spiced oat cookies,Sweet
"Carrot, cumin and barley summer stew",
Easter fruit cupcakes,Sweet
"Chicken leg tagine with prunes, apricots and roasted almonds",
Vegetable pakoras,
Chocolate marshmallow teacakes,Sweet
"Spinach, mushroom and ricotta quiche with sautê©ed spinach",
Hollandaise sauce,
The ultimate fish pie,
Roasted vegetable quiche,
Potato and pepper bake,
Tomato and basil tarte tatin,
Bigos stew,
Poached peaches with zabaglione,Sweet
Caldo verde (Portuguese cabbage soup),
Breakfast hash,
Slow-cooker sausage and fennel casserole,
Turkey curry,
Slow roast leg of lamb with herb rub,
Falafel four ways,
Saag aloo with roasted gobi curry,
Madeleines with lemon curd,Sweet
Chicken yakitori,
Oven-baked risotto carbonara,
Chilli beef rendang,
Chai muffins,Sweet
Red-cooked pork belly,
"Parma ham, goats_ã_ cheese and rocket canapê©s",
Custard tart,Sweet
The ultimate Christmas roast beef,
Black cherry and hazelnut jam,
Speedy miso noodles with soft boiled egg,
Roasted red pepper hummus,
Irish beef stew,
Spicy chicken with vegetable ragê_,
Sticky jerk wings with sugared oranges,
Salmon and bulgur wheat pilaf,
Gooseberry fool,Sweet
Fish and chips,
Smoked Texan chicken wings,
Chicken and chorizo with paprika and red wine,
Fesenjoon,
Artichoke pasta,
Thai-style fishcakes,
Hot cross buns,Sweet
Super-rich chocolate ice cream,Sweet
Simple chicken and potato curry,
Spiced mutton stew with apricots,
Beef and ale stew with horseradish dumplings,
Garlic mushrooms and cured ham on toasted brioche,
Champ,Side
Spanische Windtorte,Sweet
Oven chips,
Flapjacks,Sweet
"Honey, feta and thyme pancakes",
Silk handkerchief pasta with pesto,
Jam roly-poly,Sweet
Peppers with chickpeas and harissa,
Pigs in blankets,Snack
Baked samosas,
Yule log,Sweet
Toad in the hole,
Pesto lemon chicken,
Red lentil and bacon soup,
Sage and onion stuffing,
Courgette and broccoli quiche,
"Pearl barley, butternut squash and sage risotto",
Roast crispy pork belly with egg fried rice,
"Parsnip, apple and raisin mini-muffins",Sweet
Rose and pistachio Turkish delight,Sweet
Meat and potato pie,
Chocolate pistachio fudge,Sweet
"Vegetarian curry with Indian cheese, tomatoes and peppers (paneer jalfrezi)",
Piri-piri chicken,
Bread and butter pudding,Sweet
Chicken puttanesca with linguine,
Bannock,Bread
Blinis,Snack
Sirloin steak with chunky chips,
Chicken salad with couscous and oranges,
Rhubarb and custard tart,Sweet
"Pork tenderloin stuffed with apricots, apples and ginger",
Good vegetable soup,
Sweet miso-marinated salmon with soba noodles,
Hand-raised chicken and bacon pie,
Cranberry-studded mincemeat,Sweet
Small pork pies with quails_ã_ eggs,Snack
Chocolate and orange cake,Sweet
Cabbage with mustard seeds,
Italian style meatballs with courgette _ãÄtagliatelle_ã_,
Apple and blackberry crumble,Sweet
Smoked tea duck with bigarade sauce,
Breakfast bars 2.0,Sweet
Smoked trout salad,
Lamb slice with garlic mayonnaise,
Fideuê_,
Chocolate fondant puddings with lime syrup and coconut custard,Sweet
Roti,Bread
Bitterballen,
Spiced teacakes,Sweet
Salmon and watercress tart,
Halloumi saganaki,
Spicy Mexican bean soup,
Orange caramel custard,Sweet
Chicken in white wine sauce,
Barbecued sweetcorn with flavoured butter,
Fresh fruit salad,Sweet
Pumpkin cider cake,
Mackerel kebabs,
"Chocolate, cardamom and hazelnut babka",Sweet
Deep South pulled pork sliders with sweet potato fries and coleslaw,
Aubergine and walnut caviar,
Mushroom and spinach tagliatelle,
Custard slice,Sweet
Butter chicken,
Rocky road crunch bars,Sweet
Macaroon wedding tower,Sweet
Salmon and sea bass ceviche,
"Pea, mint and cheddar frittata",
Pickled cucumber,Condiment
Quick sausage casserole with Savoy cabbage pesto,
White chocolate and ginger cheesecake,Sweet
Summer vegetable soup with mussels,
Lemon syllabub,Sweet
Simon Hopkinson's perfect roast chicken dinner,
Meringues with summer berries,Sweet
Celeriac remoulade,
Black Forest gê¢teau trifle,Sweet
Pistachio and rose ice cream,Sweet
Wild salmon with English asparagus and hollandaise sauce,
Irish soda bread,
Spaghetti with broccoli pesto,
Mini sausage plaits,Snack
Broad beans with pata negra ham,
"Pigeon breast with red wine gravy, roast leeks and wild mushrooms",
Scones,Bread
Cheesy garlic bolognese beef pie,
Whole sea bass with warmed tomato and citrus salsa,
Leek risotto with parmesan crisps,
Lamb curry with basmati rice,
Smoky cheese and olive scones,
Naan bread,Bread
Parmesan biscuits,Snack
Muesli,Sweet
Traditional Welsh cakes,Sweet
Boston baked beans,
Soy and honey chicken with coconut brown rice,
Pasta primavera,
How to make lasagne,
Stuffed vegetables,
Butternut squash and root veg hotpot,
Potato croquettes,
"Roast loin of lamb, peas, lettuce and bacon",
Chicken braised in cider and chorizo,
"Cheese, pistachio and prune cake",Sweet
Individual lemon tartlets,Sweet
Cream roasted swede soup,
Slow-cooker apple-glazed ribs,
Honey-glazed guinea fowl with pomegranate and pineapple,
Kids_ã_ minestrone soup,
Hearty vegetable soup,
"Spinach, aubergine and chickpea curry",
Poached salmon with lemon sauce,
Barbecued veal chops with fresh herbs and salmoriglio,
French onion soup with Gruyêëre toast,
Pumpkin risotto,
Chocolate and orange scones,Sweet
Pecan and maple pinwheels,Sweet
Hot chicken cakes with lettuce and mayo,
Chicken kiev,
Baked salmon with chorizo rice,
Chicken with forty cloves of garlic,
Courgetti spaghetti with tomato and butter bean pesto,
Tropical pavlova,Sweet
Cumin and yoghurt chicken with cucumber and dill salad,
Almond rice pudding and cherry compêäte,Sweet
Citrus and pomegranate salad with chilli-honey dressing,
Chocolate peanut butter cheesecake,Sweet
Rum and honey babas,Sweet
Jamaican rum truffles,Sweet
Garlic mushroom frittata,
Floating islands with spun sugar,Sweet
Nigel Slater's Lancashire hotpot,
Hot hounds with beer-and-mustard-barbied onions,
Beef and blue cheese puff pastry pizza,
Fennel and herb barbecued whole fish,
"Roasted sea bass with chorizo, red onion and cherry tomatoes",
Union Jack fondant fancies,Sweet
Gruyêëre and pancetta brioche sandwich,
Soda bread,Bread
Pheasant suprê_me with wild mushroom compote,
Easy apple crumble pie,Sweet
Whisky and chilli tiger prawns,
Fried ham and cheese sandwich,
Panettone,Bread
Peanut butter squares,
Bread and butter pudding,Sweet
Ginger sponge cake,Sweet
"Apricot, chestnut and aduki balls with roasted vegetables and white wine miso gravy",
Scotch pies,
Pesto mash,
Chocolate and ginger tarts,Sweet
Spicy potato wraps,
Crab and salmon fishcakes with homemade tartare sauce,
Caramelised scallops on cauliflower purê©e with pancetta,
Yorkshire parkin,Sweet
Beer braised shin of beef with creamy mash,
Grilled mushrooms with goats' cheese and beetroot and walnut salsa,
Salmon yakitori,
Roast chicken with sage and onion stuffing,
"Plaice with pea purê©e, bacon, new potatoes and asparagus",
Pulled butter toffee,Sweet
Pad Thai,
"Roast cod with a lemon, garlic and parsley crust",
Christmas pudding vodka,Beverage
Pavlova,Sweet
Hummus chickpea burgers,
Goan mutton curry with spiced pilau rice,
Christmas cake with pecan marzipan and brandy butter icing,Sweet
Aussie olive damper bread,Bread
Turkey gravy,
Sherbet dipper,Sweet
Rhubarb fool with lemongrass,Sweet
Ginger chocolate oat bar,Sweet
Mincemeat and marzipan couronne ('crown'),Sweet
Codfish (klippfisk) soup,
Beef burger with thyme potato wedges,
Oxtail soup,
Shortbread,Sweet
Meat and potato pie,
Cookies and cream fudge brownies,Sweet
Easy chicken liver pê¢tê©,
Lemon meringue ice cream with lemon balm,Sweet
Mini beef Wellington tartlets,
Italian lentil and tomato soup,
Sticky toffee pudding,Sweet
West country gratin,
Lemon and thyme cake,Sweet
New York cheesecake,Sweet
Roast pheasant and bread sauce,
Egg custard tarts,Sweet
Macaroni cheese,
Lemon meringue cupcakes,Sweet
Reduced-sugar carrot cake,Sweet
Buttermilk pancakes with maple bacon,Sweet
Veggie gravy,
Greens with bacon and hazelnuts,
Stuffed marrow,
Gingerbread latte fudge,Sweet
Fraisier cake,Sweet
Lemon posset with fennel biscotti,Sweet
Heather honey sponge,
Irish stout cupcakes,Sweet
Definitive chocolate cake,Sweet
Puff pastry pizza bites,
Breakfast muffins,Sweet
Goats' cheese and onion tarts,
3D biscuits,Kids
Goats' cheese cannelloni with cherry tomatoes,
Gluten-free savoury pancake batter,
Tonkatsu pork,
"Prosciutto, mozzarella and basil stromboli",
Blueberry butter,Condiment
Beef chilli flash-fry with yoghurt rice,
Puff pastry,
Chocolate orange cupcakes,Sweet
Nachos,
Vegetarian chilli tacos,
How to make fish soup,
Sticky cranberry sausages,
Mincemeat panforte,Sweet
Thick smoked-haddock chowder,
Salt fish fritters,
Smoked salmon omelette,
Homemade jaffa cakes,Sweet
White bread plait,Bread
Toffee apple cake,Sweet
Gooseberry cupcakes,Sweet
Deep-filled homity pie,
Steamed sea bass in hot beer and ginger lime sauce,
"Apple rings with ginger, lemon and black pepper tahini spread",Sweet
Ham and eggs with grilled tomato,
Vanilla and yoghurt panna cotta with pomegranate jelly,Sweet
Clementine syllabub and crê_pes Suzette,Sweet
Raymond Blanc's basic chocolate mousse,Sweet
Low-fat chocolate sponge cake,Sweet
Coronation prawn vol-au-vents,
How to make trifle,Sweet
Scotch broth,
Lighter raspberry chocolate log,Sweet
Bakewell tart,Sweet
Key lime and elderflower pie,Sweet
Spiced vegetable tagine,
Christmas chocolate Yule log,Sweet
Beef and pepper kebabs,
Vegetable shepherd_ã_s pie,
Greek salad on bruschetta,
Crown layered pavlova,Sweet
Pork and clams,
Fillet of venison and wild mushroom sauce,
Soft chocolate nougat (torrone molle),Sweet
Cumin-crusted vegetables,
Chocolate and hazelnut torte,Sweet
Sweet pepper frittata,
Gingerbread gift tags,Sweet
"Sea bass fillet with rosemary, lemon and sea salt",
Spiced skewered lamb,
Mary_ã_s frosted walnut layer cake,Sweet
Basic tortellini with ricotta and pine nuts,
Rhubarb crumble and cream,Sweet
Apple crumble,Sweet
Roasted red pepper and artichoke salad,
Pan-fried salmon with broccoli,
South-East Asian vegetable and egg-fried rice,
Apple cake,Sweet
Sichuan-style sea bass with wok-fried vegetables,
Coleslaw,
Festive berry delice,Sweet
Herbed tuna carpaccio with pickled cucumber and bean salad,
Spicy stuffed pitta,
Chicken tikka masala,
"Smoked bacon, leek and roast garlic quiche",
Arctic roll,Sweet
Loin of venison in a sloe gin and blackberry glaze,
Focaccia,Bread
Mary Berry_ã_s jaffa cakes,Sweet
Last minute Christmas chutney,Sweet
Cherry trifle,Sweet
Portuguese custard tarts,Sweet
Jam doughnuts,Sweet
Tandoori chicken party skewers,
Veggie bean fajitas,
Cheese and tomato chutney turnovers,
Bombay potatoes,
Game terrine,
Baked Alaska with hot chocolate sauce,Sweet
Christmas veggie Wellington,
Moroccan-style chicken with couscous and yoghurt,
Apple tart 'Maman Blanc',Sweet
Mixed vegetable curry,
Christmas apricot and chestnut stuffing,Sweet
Quick orange and lemon chicken,
Pan-fried chicken pie,
Pork meatballs with anchovies,
Easter simnel cake,Sweet
Simple tortilla pizzas,
Cucumber and mint raita,Condiment
Healthy spaghetti bolognese,
Chocolate and chilli mousse,Sweet
Lavender shortbread hearts,Sweet
Christmas popcorn,Snack
Tandoori chicken lollipop drumsticks with raita dip,
Roast sweet potato chilli chips,
Chicken and chorizo paella,
Cherry cake,Sweet
Homemade chilli oil,Condiment
Trout with samphire and beurre blanc,
Roast celeriac with marsala,
Pasta with halloumi and red onion,
Vodka Martini,Beverage
Chicken and wild mushroom pie,
Homemade falafels with salad and pitta bread,
Asian-style tofu stir-fry,
Muhallabi (almond milk pudding),Sweet
Traditional honey-glazed gammon,
Black bean and avocado salad,
Basque chicken pie,
Healthy mini pizzas,
Rioja-braised lamb shanks with chorizo and garlic,
Crab and cod fishcakes with tomato salsa,
Great sausage casserole,
Cheese straws,Snack
"Rump steak, chips and bê©arnaise sauce",
Viennese gulasch,
Roasted tomato and thyme soup with double-baked cheese and chive potatoes,
Lamb with hummus and tortillas,
Chocolate traybake with feather icing,Sweet
How to make steak and ale pie,
Toffee apple muffins,Sweet
Corned beef hash with poached eggs,
Irish rarebit,
Thai tofu Panang Yorkshires,
Loaf cake with apple and cinnamon,Sweet
Christmas gingerbread men,Sweet
Lemon curd and pistachio meringue roulade,Sweet
Slow cooker coq au vin,
All-in-one rib roast with horseradish glaze,
Maneesh,
Sichuan orange beef,
Beef stroganoff with sautê©ed potatoes,
Grapefruit and ginger meringue pie,Sweet
Beetroot chocolate cake,Sweet
Oven ki murghi (chicken baked with green chillies and onions),
Pea and pancetta soup,
Roast vegetable soup,
Rosace ê_ l_ã_orange,Sweet
Low-fat Caesar salad,
ê_les flottantes,Sweet
Quick minestrone,
Brussels sprouts in brown butter,
Rice pudding with mashed fruit,
Lamb with fresh peas (Agnello con piselli freschi),
Lemon and blueberry muffins,Sweet
Pumpkin halwa,Sweet
Smooth and creamy raspberry chia pudding,Sweet
Spruced-up vanilla cake,Sweet
Meatballs in tomato sauce with cinnamon and cumin (Soutzoukakia),
Banoffee pie,Sweet
Vegetarian Puy lentil lasagne,
Norwegian fish pie,
Egg nog with cherries,Beverage
"Ginger, pecan and rum chocolate brownies",Sweet
Luxury chicken liver pê¢tê©,
Pappardelle and meatballs,
"Pork, leek and apricot raised pie with cider and sage jelly",
Curranty cordial,Beverage
Chocolate volcanoes,Sweet
Orange butterfly cakes,Sweet
Nadiya's dal,
Mini Victoria sandwiches,Sweet
Chicken soup and dumplings,
Beef ragu with linguine,
"Caribbean toastie cups with avocado, mango and mint",
Couscous salad,
Pork chops with gremolata,
Cupcakes with frosting and sprinkles,Sweet
Sausage rolls,
Sardine beccafico,
"Warm, spiced oranges with labneh",Sweet
Treacle-cured beef with Yorkshire puddings and roast potatoes,
Dirty martini,Beverage
Biscotti with hot mocha dipping sauce,Sweet
Fluffy American pancakes,Sweet
French martini,Beverage
Lemon and lime pavlova,Sweet
Fish cakes with sweet potato fries,
Cheesy parsnip and sweet potato tarts,
Fennel and potato gratin,
Champagne jelly,Sweet
Raspberry cheesecake cupcakes,Sweet
Chocolate fridge cake,Sweet
Chocolate avocado shake,Beverage
Stuffed aubergine rolls,
"Creamy chilli, bacon and tomato spaghetti",
Paneer with spinach,
Mutton saag,
Wild boar ragê_ with fresh pasta,
"Lamb cutlets with mint, chilli and golden potatoes",
"Turkey, leek and ham pie",
Red Nose Day shortbread,Sweet
Childhood ice cream mousse cakes,Sweet
Roast turkey crown,
Scandinavian rye bread,Bread
"Gougêëre barquettes filled with crab, prawn and smoked salmon",
Thai beef and mango salad,
Smoked aubergines with garlic (mirza ghasemi),
Banana cocoa crunch overnight oats,Sweet
Eggnog,Beverage
Meatball curry,
Banana and chocolate chip loaf,Sweet
"Lamb, shallot and date tagine",
Spotted dick and custard,Sweet
Ratatouille,
Rice and peas,
"Spinach, feta and pine nut salad",
Grilled lettuce with goats' cheese,
Braised ox cheeks with gentleman_ã_s relish,
Raised pork and egg pie,
Fairy cakes,Sweet
English muffins,Bread
Pork taco,
Prawn dim sum,
Aromatic beef curry,
Mediterranean lamb chops,
Wild rice salad,
Wholemeal cheese scones,
Chocolate roulade,Sweet
How to cook sea bream with garlic and rosemary,
Beef stew with dumplings,
Christmas tiramisu,Sweet
Chicken dhansak curry,
Spanish meatball stew,
James' sticky toffee pudding,Sweet
Chicken satay noodles,
Three fish pie,
Sun-dried tomato and rosemary palmiers,
Coffee granita,Sweet
Moroccan lamb tagine with lemon and pomegranate couscous,
Chashu pork ramen,
Cauliflower cheese,
"Apricot, carrot and almond jam",Condiment
Crumpets,Bread
Salt liquorice caramels,Sweet
Pimms lollies,Sweet
Homemade minestrone,
Moroccan baked eggs,
Salmon burgers with basil and lime mayonnaise,
Gingerbread cake with orange icing,Sweet
How to make chocolate mousse,Sweet
Masala-marinated chicken with minted yoghurt sauce,
Ghoogra,Sweet
Buffalo wings,
Star topped mince pies,Sweet
Strawberry pavlova,Sweet
Pasta with courgette sauce and spinach balls,
Corned beef plate pie,
Chocolate fudge cake,Sweet
Rich Christmas pudding,Sweet
Chicken Thai red curry,
Chocolate mince pies,Sweet
Pressed dried fruit and nut energy bars,Sweet
How to make curry paste,Condiment
How to cook seared tuna,
Toad in the hole,
Butternut and sweet potato lasagne,
Lemon mousse,Sweet
Bauble and squeak,
Lemon and lime chicken with coriander-fried rice,
Roast beetroot,
Toasted crumpets and warm spiced berries with yoghurt and honey,Sweet
Beef rendang,
Mashed potatoes,
Sticky chicken and vegetable kebabs with couscous,
Halloween cake,Sweet
Flamenco eggs,
Pomegranate Christmas cocktail,Beverage
How to dress a crab,
Basic tomato and basil sauce for pasta,
Christmas pavlova,Sweet
"Rye, ale and oat bread",Bread
Spaghetti Bolognese with hidden veggies,
Onion bhaji,
Slow roast shoulder of lamb with sliced potatoes,
Chocolate Easter egg nest cakes,Sweet
Spiced-up Barnsley chops,
Doughnuts,Sweet
"Pea, salted yoghurt and mint salad",
Yorkshire _ãÄtapas_ã_ puddings,
Three-tier white chocolate and raspberry cheesecake,Sweet
Turkey meatballs,
Chicken and apricot curry with potato straws (sali murghi),
The best roast potatoes,
Barbecue belly pork,
Hazelnut and chocolate _ãÄvacherin_ã_,Sweet
Seared salmon and chorizo salad,
White sauce,Condiment
How to cook pheasant,
"Spaghetti with kale, anchovies and chilli",
Fresh mackerel with roasted rhubarb,
Butternut squash soup with parsley purê©e,
Korean bulgogi chicken stir-fry,
"Lettuce, anchovy and egg salad with a creamy vinaigrette",
Pork fillet with honey and ginger,
"Kale, lemon, honey and sesame seed salad",
Mango passion with honey and yoghurt,Sweet
Classic Welsh cakes,Sweet
"Quick linguine with prawns, clams, garlic and chilli",
Lamb skewers with Turkish salad,
_ãÄI can_ã_t believe you made that_ã_ cake,Sweet
Goats_ã_ cheese salad,
Simple fish in a bag,
"Earl Grey sorbet with pear, Earl Grey and cinnamon strudel",Sweet
Lucy_ã_s strawberry slices,Sweet
Eton mess,Sweet
"Maple, pecan and cranberry granola",Sweet
Slow-cooked lamb shoulder with boulangere potatoes,
Salmon fish cakes with mushy peas,
Vietnamese beef and lettuce wraps,
Ghost cake,Sweet
"Pork, apple and cider pie",Sweet
Classic carrot cake,Sweet
Chocolate cola cake,Sweet
Classic chicken Kiev with spring vegetables,
Fudgy walnut cake,Sweet
Meat-free chilli con carne,
Cauliflower cheese with salmon,
Marjolaine,Sweet
Extra special beef biryani,
Egg fried rice with tomatoes,
Calypso swizzle,Beverage
White chocolate and raspberry cheesecake,Sweet
How to make pesto,Condiment
Meatballs with tomato sauce,
Bolognaise sauce,
Cheese straws,Snack
Chicory gratin,
Chicken with asparagus and lemon crêëme fraêÎche sauce,
Roasted vegetable picnic loaf,
Sweet meringue,Sweet
Indian-spiced lamb shoulder with Bombay potatoes,
Curried cauliflower with spinach,
Halloween Franken-cupcakes,Sweet
Chilli and coriander fish parcel,
Pork pie with chicken and apricots,
Sausage and ricotta pasta bake,
Lamb and lentil curry,
Proper apple pie,Sweet
Flourless chocolate cake,Sweet
How to make beef stock,Condiment
Braised feather blade beef,
"Tomato, mozzarella and basil pizza",
Seashell caramels,Sweet
Rib ragê_,
"Pistachio, cardamom and lemon drizzle cake",Sweet
Caramelised red onion and goats_ã_ cheese swirls,
Spiced gingerbread pudding,Sweet
Potato and butter pie with mushroom gravy and wilted spinach,
Spiced clementine smoothie,Beverage
Savarin with Chantilly cream,Sweet
Peanut butter fudge,Sweet
Cranachan,Sweet
"Pumpkin, chilli and coconut soup",
Beef steak for one,
Garlic-crumbed chicken,
Baked ham and egg pots,
Spiced mackerel with horseradish potatoes,
"Venison, chicken liver and Armagnac terrine",
Pumpkin pickle with fried chicken breast,
Sweet banana and maple pancakes with blueberries and pecans,Sweet
Teriyaki chicken with leek and pepper stir-fry,
Really good rye bread,Bread
Salmon ceviche with fennel salad,
Turkey pot pie,
"Caramelised onion, goats' cheese and Parma ham pizza",
Pancakes with chocolate sauce,Sweet
Baked Welsh cake cheesecake,Sweet
How to roast chicken,
Twister bread,
Bê©arnaise sauce,Condiment
Easy spinach soup with a poached egg,
Low-fat cheesecake,Sweet
Gluten-free pitta bread,Bread
Baked pasta shells filled with cheese,
Porridge with berries,Sweet
Chestnut stuffed mushrooms,
Chocolate profiteroles,Sweet
Quinoa salad with mint and mango,
Baklava,Sweet
Kids_ã_ veggie slaw,Kids
Tortellini with spinach and ricotta,
Baked eggs,
Rose prosecco cocktail,Beverage
American baked cheesecake,Sweet
Two-step buttercream,Sweet
White chocolate wedding cake,Sweet
Plum and almond tart,Sweet
"Smoked salmon, pea and broccoli frittata with homemade chips",
Chicken and spinach balti,
How to make fairy cakes,Sweet
"Red onion, fennel and chilli tarte tatin",
Baked apples,Sweet
How to make ice cream,Sweet
Honeycomb,Sweet
Stir-fried chilli pork,
Warm goats' cheese salad,
Opera cake,Sweet
Mini blueberry Bakewell tarts,Sweet
Cauliflower and chorizo risotto with seared squid,
Chargrilled broccoli pasta with chilli and garlic,
Asparagus and puff pastry cigars,
Green coconut fish curry,
Mary Berry's fondant fancies,Sweet
Light smoked haddock fish pie,
Sea bass roasted with rosemary and lemon,
Aubergine and bean casserole,
Cheese nuggets with grape chutney and pecan salad,
Slow cooker massaman curry,
"Wild Scottish venison with port, figs and potato wedges",
Lemon cheesecake,Sweet
Ragê_ alla bolognese,
"Dry curry of cabbage, carrot and coconut (Thoran)",
Salmon en croute,
Pomegranate panna cotta with pomegranate and orange caramel,
Cherry pie,Sweet
Gnocchi di spinaci e ricotta,
Spinach and cheese samosas,
Proper baked beans with soda bread toast,
"Chicken, cashew nut and basil stir fry",
Banana bread,Sweet
Carrot cake with cream cheese icing,Sweet
Braised fennel with butter and parmesan,
Individual fruit pies,Sweet
Sunny vegetable patties,
Coq au vin,
Pork fillet stroganoff,
Chocolate and ginger oat biscuits,
Chickpea and chorizo stew,
Smoked mackerel and cabbage slaw with potato wedges,
"Blueberry, almond butter and cream pancakes",Sweet
The best chips you have ever tasted,
Baba ganoush,
Valentine cupcakes,Sweet
How to make marmalade,Condiment
Mushroom stroganoff,
"Prawns with freshly grated coconut, green chillies and mustard seeds (Chingri daab)",
Orange and almond cake,Sweet
Mini three-way biscuits,Sweet
"Grilled aubergines with olive oil, garlic, parsley and feta cheese",
Raised game pie,
"Chicken, red wine and garlic casserole",
How to make lamb curry,
Fast rhubarb tart with mascarpone cream,Sweet
"Grilled salmon, braised cabbage with bacon and onions",
Crispy potato peeling crisps with squash ketchup,
Cranachan cheesecake,Sweet
Broad bean and runner bean risotto,
Za_ã_atar cod with relish,
"Crabcakes with a tomato, crab and basil dressing",
Thai coconut-chilli prawns,
Egg fu yung with roasted red pepper and sweet chilli sauce,
Apricot almond cake with rosewater and cardamom,Sweet
Butternut squash and Stilton quiche with roasted sprouts,
Danish fish cakes ('frikadeller') with remoulade,
How to make flatbread,Bread
Crispy parmesan chicken with soft basil tomatoes,
Jumbo cheese and ham straws,
How to cook venison,
Grilled mackerel with soy lime dressing,
Toad in the hole with onion gravy and garlic cabbage,
Roast leg of lamb with garlic and rosemary,
Mediterranean filo pastry pie,
Smoked salmon hash brown with poached egg and hollandaise,
"Penne with anchovy, broccoli, chilli and garlic",
Easy spaghetti and meatballs,
Rosehip iced gem meringues,Sweet
"Sausage, radicchio and lemon gnocchi",
Sweet and sour chicken,
My mother_ã_s cheese and onion pie,
Roasted chump of lamb with rustic ratatouille,
Christmas pudding,
Honey roast ribs with anise,
Duck pancakes with hoisin sauce,
Coley with tarragon sauce vierge,
Stilton and toasted walnut balls,
Traditional spring wedding cake,Sweet
Chewy lemon and thyme cookies,Sweet
Blueberry and lemon millefeuille,Sweet
Mulled wine baked fruit,Sweet
Egg-fried rice,
Spiced cauliflower,
Squid and prawns with chilli and marjoram,
Marinated beetroot,
Perfect roast duck with bread sauce,
Speedy summerberry jam,Sweet
Tom yum soup,
"Carrot, parmesan and chilli fries",
Crab and leek tart,
Rum and raisin baked cheesecake,
Moussaka,
Fattoush,
Crispy potato skins,
Pork and parmesan ravioli,
Chicken and vegetable spring rolls,
Spicy squash salad,
Beachside paella,
How to make roast chorizo chicken,
Mulled wine,Beverage
Pan-fried ratatouille,
Healthy minestrone soup,
Roasted pepper with goats' cheese,
Cinder toffee,Sweet
Bunny chow,
Chunky apple crumble,Sweet
Mint lemonade,Beverage
Salted chocolate tart,Sweet
Smoked salmon and dill tian with warm potato galette and fennel and apple salad,
"Chicken with cheese, prosciutto and roasted courgettes",
Warm spiced cauliflower and chickpea salad with pomegranate seeds,
Chicken casserole with potato cobbler,
Linguine alla puttanesca,
Broad bean and goats_ã_ cheese bruschetta,
Spicy chorizo penne pasta,
Redcurrant and mint jelly,Sweet
Roast pheasant with lemon and rosemary,
Fennel beetroot slaw,
Strawberry mascarpone tart,Sweet
Penne and sausage pasta bake,
Asparagus risotto,
Freekeh salad,
"Lamb stew with black pepper, coconut and clove",
Oriental chicken salad,
Crispy duck with apricot and plum sauce,
Easy jambalaya,
Chicken tagine,
Grilled chicken shatkora with pickle and chappatis,
Christmas cake present,Sweet
Mincemeat and orange feathered tarts,Sweet
Oatcakes,Sweet
Pork belly with parsley sauce and lovage potatoes,
Arbroath-smokie cakes with chilli jam,
Apricot frangipane tart,Sweet
Millionaire's shortbread,Sweet
Chilli beef cornbread pies,
"Halloumi, tomato, cucumber and couscous grain bowl",
Caramelised oranges with honeyed ricotta,
Reuben sandwich,
Ten-minute tomato soup,
Gingerbread biscuits,Sweet
Spaghetti with clams and chilli,
Chocolate olive oil cake,Sweet
Apple charlotte,Sweet
Classic champagne cocktail,Beverage
Teriyaki salmon,
Tarka dal,
Buckwheat pancakes with smoked salmon and citrus cream cheese,
Salade Niê_oise,
Apple and passion fruit tartlets,Sweet
Baby courgettes and chanterelle mushrooms with basil,
Parnsip rosti,
Corned beef and onion pie,
Roast peppered beef with bourbon mustard and all the trimmings,
Scotch eggs,
Tempura scallops and asparagus with ponzu dressing,
Thai fishcakes served with Thai cucumber salad,
Japanese vegetable stir-fried noodles (Yasai yaki soba),
Bresaola salad,
Langoustine and samphire stir fry,
Super-posh chewy cookies,Sweet
Raspberry cinnamon meringue,Sweet
Spring minestrone soup with pesto,
How to make crêëme brê_lê©e,Sweet
Caponata ratatouille,
Souvlakia,
Tea loaf,Sweet
Christmas mini-muffins,Sweet
Queen of puddings,Sweet
Maple-roast parsnips,
Christmas tree pavlova,Sweet
Chicken noodle miso soup,
Vegetarian chilli,
Tarte au citron,Sweet
Compost crumble,Sweet
Tandoori king prawns with butter sauce,
Caribbean chicken and pumpkin curry,
Sun-dried tomato and olive bread,
Crisp winter slaw,
Smoked mackerel pilau rice,
Baked stuffed aubergine with walnut and Roquefort,
Bircher muesli,Sweet
Lebanese-spiced lamb flatbread,
Fillet steak with morel mushroom and wine sauce,
Tennis cake,Sweet
Baby aubergines with oregano and red onions,
Roast goose with apples and cider gravy,
Simple chicken curry,
Sweet and sour pork loin ribs,
Cullen skink,
Wobbly apricot tart,Sweet
"Chestnut, leek and mushroom tartlets",
Tarte Tatin,Sweet
Beef bourguignon,
Marmalade yoghurt cake,Sweet
Crumble pot topping,Sweet
Pork chops with apples and cider,
Lemon meringue pie,Sweet
"Cheese, potato and onion pie",
Steamed mussels,
Brandy (or rum) sauce,Sweet
"Brussels sprouts gratin with bacon, cream and almonds",
Mini spiced apple tarte tatin with vanilla frozen yoghurt,Sweet
"Ham, chicken and crayfish pie",
How to make jam,Sweet
Fruit tarts,Sweet
Lemon and blueberry nougat,Sweet
Eccles cakes,Sweet
Homemade tandoori chicken,
Lamb kebabs,
Chocolate buttercream icing,Sweet
Christmas cake pops,Sweet
Cherry and ginger florentines,Sweet
"Fresh pea, broad bean and ham hock salad",
Roasted vegetable lasagne,
Mini Victoria sponge cakes,Sweet
Chicken fajita drumsticks with Mexican corn salad,
Sweet sticky spicy ribs with red onion salad,
Spicy chicken kebabs,
Amaretti biscuits,Sweet
Chicken korma,
Beef in oyster sauce,
Jansson's frestelse (Jansson_ã_s temptation),
Chinese five-spice spare ribs,
Aubergine and mozzarella bake,
Simple layered salad,
Bean curd with 'oyster' sauce,
"Pepper, tomato and basil pasta",
Lavender crêëme caramel with lavender shortbread,Sweet
Pork belly with apples and sage,
Mary Berry_ã_s mother_ã_s bread and butter pudding,Sweet
Gingerbread garage,Sweet
Steak Maman Blanc with sautê©ed potatoes,
Ricotta beefburger,
"Rice bowl with ginger, radish and avocado",
"Salmon, fennel and pea risotto",
Beef stew with fluffy dumplings,
Honey and chestnut cake,Sweet
Gluten-free bread,Bread
Apricot tarte tatin,Sweet
Breast of lamb baked with onions,
Raw Brussels sprouts slaw,
Healthy penne with chicken and broccoli,
Confit duck leg with flageolet ragoê_t and celeriac mash,
Halloumi with quick sweet chilli sauce,
Mini Yorkshire puddings with roast beef and horseradish cream,
Lemon sole goujons with mushy peas and sweet potato chips,
Dobos torte,Sweet
Khao soi noodles,
Salted caramel millionaire_ã_s shortbread,Sweet
Lamb and fenugreek dumpling stew,
Cherry tomato and mozzarella salad,
Butternut squash tagine with couscous,
Chocolate and hazelnut cake (Torta gianduia),Sweet
Rhubarb crumble,Sweet
South Indian chicken curry,
"Shin of beef with ginger, carrot and cabbage",
Apple crumble cheesecake,Sweet
Chocolate ripple cheesecake,Sweet
Piedmontese peppers,
Creamy lentils and rice,
Pitta pizzas,
Baked chicken goujons,
How to make a tomato sauce,
Prawn cocktail,
Thai noodles with cinnamon and prawns,
Fennel and mushroom tartlets,
Raspberry and white chocolate mini meringues,Sweet
Singapore sling,Beverage
Spaghetti Bolognese,
Lamb shanks with anchovy,
Cheese and herb muffin in a mug,
Traditional Christmas pudding with brandy butter,Sweet
Souvlakia with tzatziki,
Smoked haddock chowder with leeks and sweetcorn,
Pot roast pheasant with sweetcorn mash,
Pork loin with Parma ham and oregano,
Spanish tomato bread,
Fabulous fruity jewelled tarts,Sweet
"Rice with clams, prawns and aioli",
Bulgur wheat balls,
Chicken in cider,
Dark and white chocolate cherry brownies,Sweet
"Cinnamon, banana and blueberry muffins",Sweet
Spring pea risotto,
Sausage casserole with beans,
Stir-fried cabbage with garlic,
Dauphinoise potatoes,
Roast ham,
Puff pastry party canapê©s,Snack
Mini coffee and walnut cakes,Sweet
Smoked haddock pilaf,
Apple strudel,Sweet
Pearl barley with spinach and pork mince,
Roast chicken and sage and onion stuffing and gooseberry sauce,
Scones with jam and cream,Sweet
Rhubarb pie,
Gluten-free Christmas cake,Sweet
Torta pasquale,
Trout croquettes,
The best chicken stir-fry,
Really good kedgeree,
How to make Thai green curry paste,
Nasi goreng with lime and sugar barbecued chicken,
Balsamic-glazed sesame salmon with spicy cherry tomatoes and spinach,
Steak and perfectly cooked chips,
Devil_ã_s food cake,Sweet
Stuffed baby peppers,
Mushroom and parsnip rê_sti pie,
Raspberry marshmallows,Sweet
Bacon and mushroom frittata,
Pulled pork with cinnamon and clove,
Spicy beans on toast,
Lemon chicken,
Picnic pasta salad,
Chickpea and chorizo stew,
Pear and ginger coins,Sweet
Lamb stew with rosemary dumplings,
Turkish kofta kebabs with minted yoghurt and kohlrabi and carrot salad,
Jalapeê±o and anchovy ketchup,
Chocolate and cherry loaf,Sweet
Pea kachori,
Fragrant pork and aubergines,
Lemon layer cake,Sweet
Momma's meat jambalaya,
Lamb vindaloo,
Light 'n' low pancakes,Sweet
Galette,Sweet
Vanilla baked cheesecake with blackberries,Sweet
Salmon coulibiac,
Cumin roast carrots,
Roast parsnip and rosemary soup,
Pistachio and white chocolate churros,Sweet
"Egg, bacon and asparagus flan",
"Spring onion, potato and cheese fritters with quick pickled beetroot",
Sautê©ed caramelised fennel,
All-day breakfast frittata,
Homemade beer mustard,
"Spicy pork, rice and greens",
American-style pancakes with blueberries,
Cheese scones,
Wild mushroom soup,
Chicken and mushroom casserole,
Beef cobbler with cheddar and rosemary scones,Sweet
Roasted chicken breast with leek and green bean vinaigrette,
How to roast potatoes in goose fat,
Chicken katsu curry,
Cheese sauce,Condiment
Leafy salad with feta and pomegranate,
Chinese pork potsticker dumplings,
Seafood pasta with garlic bread,
Sussex pond pudding with apples,Sweet
Sausage and chorizo goulash,
Slow cooker chipotle pulled pork,
Beef cheek and butternut broth in sourdough,
Ginger thins,Sweet
Fresh pasta dough,
Blood orange Halloween pumpkin pie,
Candied sweet potatoes,
How to make chicken noodle soup,
Fresh herb fougasse,Bread
Vegetable and chorizo soup,
"Spiced blackberry, pear and apple pavlova",Sweet
Easy bread sauce,Sweet
Lemon hummus,Condiment
Duck burger and chips,
Scrambled eggs with smoked salmon and brioche,
Soda bread,Bread
Hot hot roots with fresh mango and coconut relish,
Beans on toast,
Grilled vegetable wraps with salsa and guacamole,
"Asparagus, pea, feta and mint salad",
Pork noodles with bean sauce,
Overnight muesli with apple and nuts,Sweet
Chocolate cookies with scarlet fruit,Sweet
Sausage Danish,Snack
Chicken soup,
The perfect omelette,
Spiced fillet of lamb in filo pastry,
Tartiflette,
Chocolate fairy cakes,Sweet
Sage and parmesan palmiers,
Haddock parcels and coconut rice,
Stilton puffs,Sweet
Mulled cider,Beverage
Vegan chocolate orange truffle bites,Sweet
Roast beef and Yorkshire pudding,
"Simple miso, tofu and mushroom ramen",
Cider and 5-spice bundt cake,Sweet
"Goats' cheese quenelles with pea, mint and radish salad",
Caesar salad,
Crunchy chicken cutlets,
Mary's lemon meringue pie,Sweet
Chargrilled T-bone steak with tomato chilli chutney,
Moussaka,
Meringues with clotted cream and strawberries,Sweet
Filo strudel with port wine sauce,Sweet
How to make a soufflê©,Sweet
Creole aubergines,
Melanzane pasta,
Honey roast parsnips,
Mango chutney,Condiment
Nduja and potato hash,
Lime and coconut macaroons,Sweet
"Quick apricot, apple and pecan loaf cake",Sweet
Buttermilk pound cake with Pimms-soaked fruits,Sweet
Chicken fricassê©e,
Long Island iced tea,Beverage
Courgette and lemon risotto,
Gnocchi with wild rocket,
Dried cherry and cranberry flapjacks,Sweet
Banoffee cheesecake with chocolate sauce,Sweet
Pecan pie,Sweet
Shashlik kebabs with sour cream dip and plum sauce,
Parmesan shortbreads,Sweet
Crunchy palak paneer,
Splendidly spicy beef burger,
Crunchy apple and blackberry crumble,Sweet
Apple and toffee crumble pie,Sweet
Blackberry jelly,Sweet
Classic Margarita,Beverage
Instant Punjabi-style pickle,Condiment
"Goats' cheese, butternut squash, pancetta and sage rotolo",
Panzanella,
Hearty chicken and chorizo broth,
Chicken paprika,
Baklava bites,Sweet
Spanish omelette,
Meringue gelato cake with chocolate sauce,Sweet
How to make icing,Sweet
Roast root vegetables,
Coconut chilli chicken,
Prawn tom yum soup,
Healthy plum crumble,Sweet
Saltfish and ackee with fried dumplings,
Blueberry and buttermilk panna cotta,Sweet
Black bun,Sweet
Pumpkin and rosemary muffins,Sweet
Elderflower cordial,Beverage
Jerusalem artichoke broth,
Low-fat chicken and mushroom pie,
Celery soup,
"Butternut squash with Persian pistachio pesto, feta and pomegranate seeds",
Vanilla cupcakes,Sweet
Spanish garlic prawns,
San Marzano tomato pizza,
Flaounes,Snack
Virgin Mary,Beverage
Scouse pie,
"Moules mariniêëre with cream, garlic and parsley",
Cucumber and feta bites with dill and pomegranate,Snack
Low-fat chicken curry,
Beef with a garlic and parsley risotto and roasted shallots,
Roasted butternut squash soup,
Baguettes,Bread
Roasted vegetables,
Meatball sandwich,
Smoked salmon and dill sandwich,
Thyme-buttered cabbage,
Pasta with purple sprouting broccoli,
Sweet pierogi,Sweet
Lemon and poppyseed cheesecake,Sweet
Pasta with winter ratatouille,
Autumn pudding,Sweet
Easy kids' fishcakes,Kids
Feijoada,
Strawberry and mascarpone Swiss roll,
Coffee and walnut cake,Sweet
"Oven-roasted chicken with sumac, pomegranate molasses, chilli and sesame seeds",
Chicken casserole,
Black pepper pork noodle salad,
Crunchy banana yoghurt,Sweet
Rib-eye steak with Stilton butter,
Beetroot soup with feta,
Gazpacho shots with pimenton and caraway seed twists,Snack
Spring vegetable salad,
Spiced mulled wine,Beverage
"Tuna tartare with chilli, ginger and sesame",
Neck of lamb with lemon and thyme,
Chilli beef with sticky rice omelette,
Warm tomato and onion salad with a beef dressing and sourdough croê_tons,
Crackle top bread,Bread
Mince and dumplings,Sweet
Vanilla ice cream,Sweet
Chicken cacciatore,
Smoked salmon blini canapê©s,Snack
Devilish red cabbage,
Green tomato chutney,
Iced fingers,Sweet
Raspberry and rhubarb drizzle cake with custard,Sweet
"Salmon, avocado, watercress and pumpkin seed salad",
Bakewell tart,Sweet
Easy no-cook cheesecake,Sweet
Poulet sautê© au vinaigre,
Slow cooker chicken and butternut squash stew,
Stuffed chicken breast wrapped in pancetta,
Sun-dried tomato and poppy seed savoury biscuits,
Thai pork kebabs,
Dulce and banana traybake,Sweet
Golden dough balls with cheese and herbs,Sweet
Mushroom soup,
Mary_ã_s florentines,Sweet
Potted salmon,
Scrambled egg and toast with smoked salmon,
Iced biscuits,Sweet
Macaroni cauliflower cheese,
Chocolate macaroons,Sweet
Chicken bastilla,
"Prosciutto, mozzarella and fig pizza",
"Lamb, pepper and pineapple kebabs with lime, chilli and coriander mayonnaise",
Pumpkin pasta with rosemary,
How to make fish fingers,
Pan-fried mackerel with caponata,
Creamy cauliflower cheese with walnuts,
Chicken noodle soup,
Ginger biscuits,Sweet
Rustic Spanish bread (Pan Rustico),Bread
Pan-fried gnocchi with broccoli pesto and grilled veg,
Velodrome cake,Sweet
Roasted aubergine with walnut salsa,
Turkey breast stuffed with Italian sausage and Marsala-steeped cranberries,
Strawberry and clotted cream summer puddings,Sweet
Chorizo and lemongrass pastry puff scrolls,
Prawn tempura,
Shami kebabs,
Broccoli soup,
Prawns alla busara,
Simple sweet and sour chicken,
Roasted butternut squash and sage risotto with pinenuts,
Indian scrambled eggs,
Simnel cake cupcakes,Sweet
Horseradish and mustard beef casserole,
The perfect Christmas turkey,
Slow cooker beef hotpot,
"Pasta with chilli, bacon and tomato sauce",
"Grilled peach, burrata and basil salad with Dijon dressing",
Butternut squash with rosemary and halloumi,
Roasted vegetable and goats' cheese tart,
Gluten-free American buttermilk pancakes,Sweet
Baked eggs in avocado with pitta,
Macaroni cheese,
Luxury fish pie,
Steamed Thai chicken noodle salad,
Simple Thai noodle soup,
Apple sauce,Sweet
Chocolate and chestnut Christmas log,Sweet
Instant banana ice cream,Sweet
Versatile vegetable stew,
How to make Thai green curry with prawns,
Chicken with Marsala,
Tandoori-style chicken,
Profiteroles with cheat_ã_s custard,Sweet
Sweet potato wedges,
Rose and fennel henna-inspired Christmas biscuits,Sweet
How to make easy white bread,Bread
Lemon and lavender loaf cake,Sweet
"Potato wafers with smoked salmon, watercress and horseradish cream",
Spring miso soup,
Crê_pes with orange butter sauce,Sweet
Fruity yoghurt jellies,Sweet
Gulab jamun,Sweet
Triple chocolate brownies,Sweet
Panzanella (Tuscan tomato and bread salad),
"Chicken, spring onion, chilli and wild rice grain bowl",
Luscious lemon Swiss roll cake,Sweet
Tiramisu,Sweet
Mini-tiramisu cakes,Sweet
"Butternut squash, sage and crêëme fraêÎche mash",
Beef goulash soup (Gulyas leves),
Christmas pudding,Sweet