"salt",1255
"black pepper",1098
"garlic",885
"olive oil",731
"butter",492
"onion",481
"parsley",302
"sea salt",299
"plain flour",299
"coriander",289
"tomatoes",277
"vegetable oil",272
"lemon",253
"ginger",244
"potatoes",240
"onions",232
"egg",232
"eggs",232
"red pepper",226
"thyme",190
"chicken stock",184
"milk",173
"water",171
"spring onions",154
"sugar",146
"carrots",141
"flour",135
"sunflower oil",132
"cumin",131
"tomato puree",130
"extra virgin olive oil",128
"soy sauce",128
"celery",127
"unsalted butter",126
"pepper",124
"lime",122
"vegetable stock",121
"lemon juice",119
"cinnamon",117
"double cream",115
"turmeric",115
"parmesan",112
"bacon",110
"red peppers",109
"red onion",108
"bay leaves",105
"oil",105
"dijon mustard",100
"shallots",100
"chile powder",100
"beef stock",93
"carrot",90
"bay leaf",87
"caster sugar",84
"rosemary",83
"chicken",83
"mushrooms",82
"chicken breasts",79
"yogurt",79
"white wine vinegar",79
"white wine",77
"bread",75
"red wine",75
"peas",75
"coriander leaves",74
"paprika",74
"sesame oil",73
"nutmeg",72
"lamb",70
"mint",70
"cumin seeds",70
"cherry tomatoes",68
"white pepper",67
"green pepper",65
"peanut oil",65
"oregano",65
"breadcrumbs",61
"basil leaves",61
"honey",59
"garam masala",59
"cloves",59
"red pepper flakes",59
"beef",59
"cornflour",58
"prawns",57
"cucumber",57
"chives",57
"worcestershire sauce",55
"creme fraiche",54
"rice",54
"green peppers",54
"cheese",53
"basmati rice",53
"black peppercorns",53
"dried chili pepper flakes",50
"smoked paprika",49
"zucchini",49
"canola oil",49
"red wine vinegar",48
"chicken thighs",47
"basil",47
"balsamic vinegar",46
"dill",46
"capers",46
"thyme leaves",45
"cayenne pepper",44
"spinach",44
"coconut milk",44
"salmon",44
"coriander seeds",44
"light soy sauce",43
"shallot",43
"lettuce",42
"almonds",42
"cheddar",41
"puff pastry",41
"rice wine",40
"mint leaves",40
"leeks",40
"curry powder",40
"green beans",39
"orange",38
"lemongrass",38
"sour cream",38
"red onions",38
"brown sugar",38
"limes",37
"pork",37
"tarragon",37
"clear honey",37
"sage leaves",36
"mayonnaise",35
"chickpeas",34
"butternut squash",34
"fish sauce",34
"lemons",34
"chorizo",34
"broccoli",34
"potato",34
"cardamom pods",33
"cider vinegar",33
"dry white wine",32
"pine nuts",32
"baking powder",32
"english mustard",32
"sesame seeds",32
"ham",31
"pancetta",30
"spaghetti",30
"cooking spray",29
"tomato",28
"cauliflower",28
"button mushrooms",27
"bean sprouts",27
"tomato ketchup",27
"courgette",26
"chestnut mushrooms",26
"white breadcrumbs",26
"plum tomatoes",26
"beans",26
"lime juice",26
"apples",25
"fennel seeds",25
"spinach leaves",25
"cheddar cheese",25
"leek",25
"mustard seeds",24
"spring onion",24
"yeast",23
"asparagus",23
"yellow pepper",23
"lamb stock",23
"parsley leaves",22
"parsnips",22
"star anise",22
"curry leaves",22
"black olives",22
"cannellini beans",21
"aubergines",21
"sausages",21
"rice vinegar",21
"gruyere cheese",21
"anchovies",21
"green lentils",20
"walnuts",20
"fish",20
"watercress",20
"fennel",20
"cream",20
"mozzarella",19
"beef mince",19
"light brown sugar",19
"mixed herbs",19
"egg noodles",19
"goat cheese",19
"aubergine",19
"sherry vinegar",19
"red cabbage",18
"cinnamon stick",18
"apple",18
"five-spice powder",18
"kaffir lime leaves",18
"cider",18
"salad leaves",18
"sage",18
"steak",18
"feta cheese",18
"cream cheese",18
"thai fish sauce",18
"pork sausage",18
"white flour",18
"kale",18
"corn",18
"dark brown sugar",17
"lemon wedges",17
"dry sherry",17
"fennel bulb",17
"tinned tomatoes",17
"jelly",17
"turkey",17
"lard",17
"mackerel",16
"couscous",16
"white bread",16
"kidney beans",16
"mussels",16
"pasta",16
"mixed greens",16
"arugula",16
"pomegranate",16
"cranberries",16
"sourdough bread",16
"peppers",16
"hazelnuts",16
"mustard",16
"single cream",16
"peanuts",15
"bok choy",15
"mustard powder",15
"beer",15
"beet",15
"mirin",15
"sultanas",15
"ground pork",15
"herbs",15
"green cardamom pods",15
"chicken breast",15
"butter beans",14
"green olives",14
"apricots",14
"avocado",14
"oranges",14
"fine sea salt",14
"ground beef",14
"coconut",14
"salad greens",14
"ghee",14
"muscovado sugar",14
"garlic cloves",14
"radishes",14
"allspice",13
"pumpkin",13
"anchovy",13
"icing sugar",13
"tofu",13
"celeriac",13
"tortillas",12
"peppercorns",12
"vinegar",12
"tomato paste",12
"rutabaga",12
"harissa",12
"feta",12
"cabbage",12
"phyllo pastry",12
"palm sugar",12
"haddock",12
"pork belly",12
"cilantro",12
"rice noodles",12
"buttermilk",12
"ricotta",12
"tuna",12
"saffron",12
"arborio rice",12
"sun-dried tomatoes",12
"avocados",12
"raisins",12
"sea bass",12
"brussels sprouts",11
"cod",11
"red lentils",11
"greek-style yogurt",11
"sweet potato",11
"juniper berries",11
"pineapple",11
"salmon fillets",11
"oyster sauce",11
"rocket",11
"maple syrup",11
"smoked fish",11
"lime wedges",11
"whole wheat flour",11
"tamarind paste",10
"fenugreek seeds",10
"galangal",10
"tabasco sauce",10
"bulgur wheat",10
"caraway seeds",10
"stock",10
"flat leaf parsley",10
"saffron strands",10
"parmesan cheese",10
"horseradish",10
"madeira",10
"suet",10
"greens",10
"flour tortillas",10
"orange juice",10
"sugar snap peas",10
"squid",10
"panko breadcrumbs",10
"lasagna sheets",10
"black mustard seeds",10
"salmon fillet",9
"mixed vegetables",9
"curry paste",9
"prosciutto",9
"sweet potatoes",9
"yoghurt",9
"rice wine vinegar",9
"long-grain rice",9
"clams",9
"snap peas",9
"savoy cabbage",9
"coconut oil",9
"lime leaves",9
"sausage",9
"mace",9
"dried chilies",9
"beef drippings",9
"ciabatta",9
"black beans",9
"chervil",9
"tomato passata",9
"white cabbage",9
"chicken stock cube",9
"flatbread",9
"bicarbonate of soda",9
"pheasant",8
"garlic clove",8
"barley",8
"fish stock",8
"scallops",8
"cocoa powder",8
"crab",8
"sweet gherkins",8
"lamb shoulder",8
"sweet smoked paprika",8
"linguine",8
"anchovy fillets",8
"tarragon leaves",8
"halloumi cheese",8
"chorizo sausage",8
"chicken legs",8
"pecorino cheese",8
"horseradish sauce",8
"noodles",8
"ras el hanout spice mix",8
"pita bread",8
"chestnuts",8
"blue cheese",8
"porcini mushrooms",8
"shiitake mushrooms",8
"baby spinach",8
"cashew nuts",8
"brandy",8
"pork shoulder",7
"figs",7
"buffalo mozzarella",7
"port",7
"walnut oil",7
"hot peppers",7
"bouquet garni",7
"stilton cheese",7
"fresh rosemary",7
"eggplants",7
"bamboo shoots",7
"molasses",7
"orange zest",7
"malt vinegar",7
"penne pasta",7
"poppy seeds",7
"pea shoots",7
"salted butter",7
"parma ham",7
"chicken wings",7
"tabasco",7
"olives",7
"fresh basil",7
"demerara sugar",7
"vegetable",7
"baguette",7
"pork loin",7
"semolina",7
"rabbit",7
"pepper sauce",7
"sweet paprika",7
"quinoa",7
"ground lamb",7
"mascarpone",6
"bell peppers",6
"duck breasts",6
"pomegranate molasses",6
"duck",6
"lamb shanks",6
"sausage meat",6
"asafetida powder",6
"baby corn",6
"white fish fillets",6
"french beans",6
"rhubarb",6
"sweet chili sauce",6
"dark chocolate",6
"mango",6
"tahini",6
"fresh parsley",6
"pomegranate seeds",6
"tamarind",6
"lean ground beef",6
"cornichons",6
"thyme sprigs",6
"coconut cream",6
"sweetcorn",6
"turmeric powder",6
"chicken drumsticks",6
"venison",6
"goose fat",6
"sichuan peppercorns",6
"madras curry powder",6
"red kidney beans",6
"hot sauce",6
"yellow peppers",6
"whipping cream",6
"pita breads",6
"long grain rice",6
"mango chutney",6
"pork ribs",6
"vegetables",6
"pistachios",6
"blood sausage",6
"tagliatelle pasta noodles",5
"jasmine rice",5
"chinese five spice powder",5
"cucumbers",5
"sake",5
"leg of lamb",5
"garlic powder",5
"shortcrust pastry",5
"yellow bean sauce",5
"pesto",5
"ketchup",5
"lime zest",5
"lettuce leaves",5
"pumpkin seeds",5
"serrano ham",5
"ricotta cheese",5
"cranberry sauce",5
"artichoke hearts",5
"browning sauce",5
"portobello mushrooms",5
"polenta",5
"chicken livers",5
"walnut halves",5
"eggplant",5
"chili bean sauce",5
"sherry",5
"vegetable stock cube",5
"lentils",5
"grapefruit",5
"water chestnuts",5
"chutney",5
"mint sauce",5
"parsnip",5
"white onion",5
"paneer",5
"apple juice",5
"white peppercorns",5
"sirloin",5
"penne",5
"cashews",5
"rosemary leaves",4
"saffron threads",4
"croutons",4
"chicken breast fillets",4
"sardines",4
"skim milk",4
"brown rice",4
"yellow split peas",4
"chicken thigh fillets",4
"salad",4
"steak sauce",4
"duck fat",4
"ruby port",4
"creme de cassis",4
"fava beans",4
"beef tenderloin",4
"borlotti beans",4
"sirloin steak",4
"risotto rice",4
"prunes",4
"chuck",4
"goose",4
"black sesame seeds",4
"mango powder",4
"nam pla",4
"scotch bonnet pepper",4
"marsala",4
"orange pepper",4
"miso paste",4
"celery salt",4
"mustard oil",4
"oats",4
"marjoram leaves",4
"pie dough",4
"red curry paste",4
"hot pepper sauce",4
"hot paprika",4
"pastry",4
"semolina flour",4
"turkey breast",4
"stewing beef",4
"chard",4
"pecorino romano",4
"plums",4
"vegetable shortening",4
"stout beer",4
"beef brisket",4
"mutton",4
"italian sausages",4
"lamb chops",4
"cumin powder",4
"dates",4
"marjoram",4
"nigella seeds",4
"hoisin sauce",4
"broccoli florets",4
"dry vermouth",4
"hummus",4
"thai basil",4
"macaroni",4
"gruyere",4
"bread flour",4
"light olive oil",4
"meat",4
"crusty bread",4
"chocolate",4
"flat-leaf parsley",4
"trout",4
"pear",4
"brown mustard seeds",4
"white fish",4
"rice flour",4
"white bread flour",4
"gelatine",4
"spring greens",4
"shrimp paste",4
"strawberries",4
"coriander seed",4
"iceberg lettuce",4
"ground turkey",4
"tomato sauce",4
"whipped cream",4
"mixed nuts",3
"pineapple juice",3
"turnips",3
"manchego cheese",3
"pecorino",3
"brioche buns",3
"oregano leaves",3
"gnocchi",3
"pancakes",3
"salami",3
"beetroots",3
"pears",3
"whole wheat pasta",3
"teriyaki sauce",3
"red currant jelly",3
"celery leaves",3
"pappardelle",3
"pork tenderloin",3
"dripping",3
"pecan nuts",3
"vanilla extract",3
"ketjap manis",3
"chicory",3
"thai green curry paste",3
"poultry",3
"blackberries",3
"scotch whisky",3
"urad dal",3
"gravy",3
"greek yoghurt",3
"emmentaler cheese",3
"scallions",3
"oyster mushrooms",3
"buckwheat flour",3
"pasta shapes",3
"bread crumbs",3
"digestive biscuits",3
"chili oil",3
"french bread",3
"burger buns",3
"white",3
"sea bream",3
"orange peel",3
"brioche",3
"sauerkraut",3
"jalapeno peppers",3
"white beans",3
"banana leaves",3
"pistachio nuts",3
"mandarin",3
"cos lettuce",3
"margarine",3
"lime , juice",3
"carnaroli rice",3
"calvados",3
"grainy mustard",3
"ghee oil",3
"hard cheese",3
"peanut butter",3
"chicken pieces",3
"creamed horseradish",3
"white rice",3
"wild rice",3
"light mayonnaise",3
"gin",3
"jerusalem artichokes",3
"watercress leaves",3
"brown basmati rice",3
"sumac",3
"pork chops",3
"unsalted peanuts",3
"cayenne",3
"soy beans",3
"greek yogurt",3
"falafel",3
"apricot jam",3
"truffle",3
"black onion seeds",3
"mixed beans",3
"onion powder",3
"zest",3
"whole wheat bread",3
"pork sausage meat",3
"fennel bulbs",3
"ciabatta rolls",3
"sunflower seeds",3
"vermouth",3
"table salt",3
"mustard greens",3
"pomegranates",3
"liver",3
"brie",2
"comte cheese",2
"blueberries",2
"macadamia nuts",2
"wasabi paste",2
"ham hock",2
"strawberry jam",2
"broad beans",2
"scampi",2
"pork stock",2
"pollock",2
"haricot beans",2
"hot vegetable stock",2
"rum",2
"basil pesto",2
"panch phoron",2
"goats cheese",2
"vegetable bouillon",2
"coriander sprigs",2
"radish",2
"cauliflower florets",2
"ice cubes",2
"tapioca flour",2
"baby plum tomatoes",2
"berries",2
"haricots verts",2
"vine tomatoes",2
"coriander powder",2
"yellow mustard seeds",2
"mozzarella cheese",2
"black cardamom pods",2
"quince paste",2
"lemon thyme",2
"malt extract",2
"squash",2
"corned beef",2
"vodka",2
"whole-wheat flour",2
"fine egg noodles",2
"lemon thyme leaves",2
"red apples",2
"chinese cabbage",2
"green peppercorns",2
"beef short ribs",2
"dried mushrooms",2
"dried apricots",2
"naan bread",2
"sirloin steaks",2
"coconut flakes",2
"hake",2
"fine salt",2
"baby carrots",2
"dill pickles",2
"plain yogurt",2
"mixed spice",2
"garlic bulbs",2
"whole cloves",2
"salt cod",2
"pecans",2
"spanish onion",2
"instant yeast",2
"liver pate",2
"salted peanuts",2
"white chocolate",2
"duck legs",2
"turnip",2
"mixed peppers",2
"balsamic glaze",2
"iceberg lettuce leaves",2
"fresh shiitake mushrooms",2
"pumpkin puree",2
"cayenne peppers",2
"spelt flour",2
"micro greens",2
"apple cider",2
"brisket",2
"garlic chives",2
"tandoori paste",2
"masala",2
"gochujang",2
"choy sum",2
"hot water",2
"brioche rolls",2
"pearled barley",2
"emmental cheese",2
"sole",2
"coleslaw",2
"black eyed peas",2
"bourbon",2
"cherries",2
"matzo meal",2
"chili peppers",2
"zucchini flowers",2
"jalapenos",2
"bread rolls",2
"black cumin seeds",2
"pastis",2
"beef suet",2
"monterey jack cheese",2
"arborio rice rice",2
"pickles",2
"white miso paste",2
"mozzarella ball",2
"caperberries",2
"white onions",2
"swiss chard",2
"smoked salmon",2
"relish",2
"allspice berries",2
"wheat tortillas",2
"lean beef",2
"green cabbage",2
"soba noodles",2
"yeast extract",2
"golden caster sugar",2
"marshmallows",2
"mangoes",2
"tamarind pulp",2
"coriander roots",2
"anchovy paste",2
"cornmeal",2
"low-fat cream cheese",2
"sparkling water",2
"barbecue sauce",2
"chinese mushrooms",2
"leaf parsley",2
"white crabmeat",2
"kirsch",2
"provolone cheese",2
"orange rind",2
"lemon rind",2
"beef stock cubes",2
"gorgonzola cheese",2
"dumpling wrappers",2
"vanilla essence",2
"corn tortillas",2
"chickens",2
"apple cider vinegar",2
"sichuan pepper",2
"macaroni pasta",2
"onion jam",2
"lean lamb",2
"fenugreek",2
"fruit",2
"enoki mushrooms",2
"white crab meat",2
"evaporated milk",2
"natural yogurt",2
"dried chiles",2
"kohlrabi",2
"live mussels",2
"sunflower",2
"cognac",2
"rigatoni",2
"oxtail",2
"spring roll wrappers",2
"mascarpone cheese",2
"scotch bonnet peppers",2
"okra",2
"pomegranate juice",2
"olive oil cooking spray",2
"wheat",2
"baby leeks",2
"tortilla",2
"chipotle paste",2
"curry",2
"artichokes",2
"tomato chutney",2
"vermicelli noodles",2
"vanilla",2
"cod fillet",2
"smoked ham",2
"rump steak",2
"fennel seed",2
"fresh cranberries",2
"beef tomatoes",2
"black bean sauce",2
"chipotle pepper",2
"muffins",2
"goat meat",2
"firm tofu",2
"truffle oil",2
"vegetable stock cubes",2
"ginger root",2
"whole grain mustard",2
"thai red curry paste",2
"jerk seasoning",2
"pork loin steaks",2
"turkey meat",1
"ale",1
"baby back pork ribs",1
"red pepper paste",1
"beef rump",1
"passion fruit",1
"herbes de provence",1
"chuck beef",1
"sesame paste",1
"rolled oats",1
"ginger paste",1
"celery seeds",1
"mint sprigs",1
"dill pickle",1
"fenugreek leaves",1
"fresh garlic",1
"lemon grass",1
"red salmon",1
"potato flour",1
"mature cheddar cheese",1
"garlic salt",1
"buckwheat noodles",1
"yellow lentils",1
"wood ear mushrooms",1
"icing",1
"razor clams",1
"fettuccine",1
"rabbits",1
"speck",1
"vegetarian oyster sauce",1
"seasoning",1
"rose water",1
"shrimps",1
"fromage frais",1
"yellow bell peppers",1
"indian curry paste",1
"veal stock",1
"t-bone",1
"back bacon",1
"italian seasoning",1
"mincemeat",1
"italian tomatoes",1
"currants",1
"white basmati rice",1
"brown bread",1
"dandelion greens",1
"all-purpose seasoning",1
"red",1
"clementines",1
"short-grain rice",1
"dry yeast",1
"sausage casing",1
"cooking apple",1
"roquefort cheese",1
"white balsamic vinegar",1
"beef steaks",1
"crayfish tails",1
"canola",1
"fresh oregano",1
"creamed coconut",1
"piquillo peppers",1
"black mushrooms",1
"herring",1
"wonton wrappers",1
"baby fennel",1
"black kalamata olives",1
"celery celery leaves",1
"smoked sweet paprika",1
"shichimi spice",1
"chat masala",1
"pepper paste",1
"walnut",1
"curly parsley",1
"rice vermicelli noodles",1
"tandoori masala",1
"egg white",1
"onion seeds",1
"brown ale",1
"sweet sherry",1
"baguettes",1
"knob butter",1
"cooking oil spray",1
"whole wheat fusilli",1
"calf's liver",1
"crackers",1
"ramen noodles",1
"baby potatoes",1
"cornflakes",1
"feta cheese cheese",1
"tuna loin",1
"tilapia fillets",1
"spice powder",1
"sambal oelek",1
"rib-eye steaks",1
"quail eggs",1
"applesauce",1
"fondant",1
"pickled peppers",1
"edamame beans",1
"coconut water",1
"vermicelli rice noodles",1
"pesto sauce",1
"cardamom",1
"soda",1
"vanilla pod",1
"fresh pepper",1
"egg salt",1
"shortening",1
"wine",1
"low-fat yogurt",1
"beef sausage",1
"chicken thigh",1
"pizza toppings",1
"monkfish fillets",1
"hamburger buns",1
"pink grapefruit juice",1
"jarlsberg cheese",1
"tinned chickpeas",1
"cola",1
"peaches",1
"chicken stock , vegetable stock",1
"crabs",1
"freshly mint",1
"tea leaves",1
"venison steak",1
"lemon balm leaves",1
"sauce",1
"fregola",1
"lime leaf",1
"rye bread",1
"beefsteak tomatoes",1
"granny smith apples",1
"apricot puree",1
"garlic granules",1
"gherkin",1
"red grapes",1
"aioli",1
"orange blossom water",1
"baking potato",1
"salsa",1
"egg milk",1
"lemon zest",1
"fish fillets",1
"fettuccine pasta",1
"pickled ginger",1
"rice vermicelli",1
"sundried tomatoes",1
"amaranth",1
"swiss cheese",1
"chicken gravy",1
"lettuces",1
"monkfish",1
"orange marmalade",1
"roasted peanuts",1
"mushroom sauce",1
"chiles",1
"cabbage leaves",1
"quark",1
"red food coloring paste",1
"green papaya",1
"tomato juice",1
"sticky rice",1
"brown",1
"shiso",1
"sweet hungarian paprika",1
"champagne vinegar",1
"chile peppers",1
"toasted sesame oil",1
"rind",1
"kidney",1
"cajun seasoning",1
"nuts",1
"cajun spices",1
"green curry paste",1
"kale leaves",1
"ciabatta bread",1
"habanero pepper",1
"split black lentils",1
"wine vinegar",1
"beef chuck steak",1
"french fries",1
"grape leaves",1
"filet mignon",1
"fruits",1
"plain white flour",1
"mixed peppercorns",1
"salmon steak",1
"roughly parsley",1
"gluten-free flour",1
"haddock fillets",1
"light cream cheese",1
"pork spare ribs",1
"kimchi",1
"lingonberry jam",1
"irish whiskey",1
"red chili",1
"pork fat",1
"wooden skewers",1
"fresh dill",1
"flank steak",1
"grenadine",1
"vermicelli",1
"gooseberries",1
"chorizo sausages",1
"hollandaise sauce",1
"kalamata olives",1
"green apple",1
"beets",1
"swiss chard leaves",1
"masa harina",1
"seafood",1
"limes lime",1
"chipotle pepper powder",1
"soy cream cheese",1
"watermelon",1
"orzo pasta",1
"armagnac",1
"baby tomatoes",1
"halibut",1
"seaweed",1
"nori",1
"bell pepper",1
"toast",1
"dried chickpeas",1
"chamomile",1
"black lentils",1
"black",1
"beef bouillon",1
"fish sauce soy sauce",1
"dark rye bread",1
"pastrami",1
"yellow crookneck squash",1
"tobasco",1
"lemon leaves",1
"chips",1
"sage leaf",1
"morel mushrooms",1
"butter , slightly softened",1
"lemon orange",1
"mint leaves mint",1
"self-raising flour",1
"caper berries",1
"bean curd",1
"tamari",1
"pappardelle pasta",1
"dry white vermouth",1
"pink peppercorns",1
"ponzu",1
"pudding rice",1
"cayenne powder",1
"chili powder",1
"baby spinach leaves",1
"red burgundy wine",1
"tomato salsa",1
"taleggio cheese",1
"microgreens",1
"lemon wedge",1
"pumpernickel bread",1
"vine ripened tomatoes",1
"chicken carcass",1
"shell pasta",1
"cumin seed",1
"green tomatoes",1
"chipotles",1
"portobello mushroom",1
"pink grapefruit",1
"plantains",1
"pretzels",1
"onion shallots",1
"live lobster",1
"camembert",1
"red miso paste",1
"arrowroot",1
"madeira wine",1
"hash browns",1
"pickled herring",1
"red quinoa",1
"habanero peppers",1
"vanilla ice cream",1
"veal loin chops",1
"flax seeds",1
"mushroom",1
"leftover stuffing",1
"coriander seeds coriander",1
"blackberry liqueur",1
"split peas",1
"beef rib roast",1
"textured vegetable protein",1
"smoked trout",1
"fish bones",1
"grenadine syrup",1
"seeds",1
"milk cream",1
"clarified butter",1
"crepes",1
"blood oranges",1
"fontina cheese",1
"pasta shells",1
"yellow onion",1
"low-fat greek yogurt",1
"chili seasoning mix",1
"whole head of garlic",1
"coconut vinegar",1
"leftover vegetables",1
"galangal ginger",1
"dried fruit",1
"white fish fillet",1
"pork spareribs",1
"orange sweet potatoes",1
"coarsely parsley",1
"pork loin chops",1
"golden syrup",1
"stir-fry vegetables",1
"turkey giblets",1
"beef sirloin",1
"chickpea flour",1
"za'atar spice mix",1
"chicken meat",1
"virgin olive oil",1
"corn chips",1
"creamed corn",1
"bresaola",1
"cream cheese with garlic",1
"cardamom seeds",1
"mexican seasoning",1
"sushi rice",1
"pinto beans",1
"beef bones",1
"garam masala powder",1
"chipotle chilies",1
"celery root",1
"grain mustard",1
"chicken fillets",1
"cottage cheese",1
"chipotle peppers",1
"rose petals",1
"lovage",1
"vegetarian sausages",1
"butter lettuce",1
"skirt steak",1
"romaine lettuce",1
"string",1
"bacon fat",1
"celery sticks",1
"linguine pasta",1
"baking potatoes",1
"shishito peppers",1
"chipotle sauce",1
"lager",1
"tortilla chips",1
"shoyu",1
"lobster",1
"roasted red peppers",1
"beef sausages",1
"beef steak",1
"tuna fish",1
"preserved lemon",1
"juice lemon",1
"roasted peppers",1
"marsala wine",1
"beef fat",1
"garlic mayonnaise",1
"lemon juice vinegar",1
"onion salt",1
"white mushrooms",1
"yuzu juice",1
"red currants",1
"ground pepper",1
"udon noodles",1
"jam",1
"red seedless grapes",1
"light coconut milk",1
"lamb liver",1
"oatmeal",1
"thai curry paste",1
"sweet peppers",1
"celery rib",1
"pea pods",1
"custard",1
"chinese cooking wine",1
"anise",1
"white sesame seeds",1
"sorrel",1
"ginger beer",1
"dry marsala",1
"skewers",1
"chives onions",1
"preserved lemons",1
"green cardamom",1
"white rum",1
"wraps",1
"chili pepper flakes",1
"himalayan pink salt",1
"marmalade",1
"bouillon",1
"pizza dough",1
"unsweetened coconut",1
"anise liqueur",1
"green apples",1
"baby turnips",1
"cassis",1
"egg whites",1
"bourbon whiskey",1
"fresh lemon juice",1
"red tomatoes",1
"miso",1
"chinese five-spice powder",1
"sweet gherkin",1
"kombu",1
"apple sauce",1
"seedless red grapes",1
"shredded",1
"parmesan shavings",1
"puff pastry sheet",1
"puffed rice cereal",1
"dashi",1
"taco shells",1
"fresh",1
"cooking apples",1
"rib-eye steak",1
"monkfish fillet",1
"irish cream liqueur",1
"peppadew peppers",1
"red snapper",1
