"Pork and apple burgers",
"Buckwheat blinis with scrambled eggs and smoked salmon",
"Pancetta-baked eggs with a minted pea and feta salad",
"Pesto and sun-dried tomato palmiers",
"French toast with ham and cheddar",
"Jamaican jerk chicken",
"Somerset chicken casserole with sage dumplings",
"Perfect Welsh rarebit",
"Chilli con carne",
"Spiced soy roast chicken",
"Whole eggs in coconut masala (egg molee)",
"Tarragon crusted sea bass",
"Cheese and chorizo rolls",
"Tamarind-marinated bavette steak",
"Veggie toad-in-the-hole",
"Black dal",
"Creamy chicken korma with almonds",
"Easy spaghetti Bolognese",
"Whole fish cooked in a banana leaf with mango chutney",
"Creamy sweetcorn soup",
"Grilled mackerel with new potatoes and salad",
"Black pepper-crusted mackerel with a celery salad",
"Celeriac and apple soup with bacon and parsley",
"Mum’s everyday fish pie with cheese mash",
"Baked meatballs with hidden veggies",
"Chicken liver parfait with brandy",
"Moroccan vegetables with couscous",
"Roux family shepherd’s pie with stir-fried cabbage",
"Slow-cooked family stew with polenta",
"Walnut-crusted pork chops with figs",
"Baked sweet potato with roasted vegetables and bulgur wheat",
"Fantastic fish fingers",
"Fettuccine Alfredo",
"Tom Kerridge’s spaghetti Bolognese",
"Steamed chilli soy tofu",
"Boiled and baked ham",
"Chicken Parmentier",
"Sea bream with a courgette salad with fresh mint and rocket",
"Shepherd's pie",
"Chickpea stew with tomatoes and green chilli",
"Scallops and chorizo",
"Onion marmalade",
"Stir fry lime and coconut chicken",
"Easy chicken and pea risotto",
"Smoked salmon and potato quiche",
"Creamy lentils with smoked haddock",
"Baked pappardelle with pancetta and porcini",
"Lamb and kidney suet pudding with rosemary",
"Homestyle jerk chicken wings",
"2-hour Christmas dinner",
"Chilli con carne",
"Crab linguine",
"Tuna pasta sauce with linguine",
"Beef rendang",
"Lighter lemony pasta and spinach bake",
"Corn on the cob with burnt-onion ketchup",
"Totally lazy mini sausage rolls",
"Tuna Niçoise wrap",
"Cranberry and Cumberland sauce",
"Lee's brown-bag fried chicken",
"Penne with peas and beans",
"Griddled artichoke and red onion paella",
"Vegetable samosas",
"Eggs Benedict",
"Mushroom stroganoff",
"Masala dosa in a chapati",
"Spicy Mexican eggs (huevos rancheros)",
"Chicken and leek pie",
"Mangsho fita shinni (beef curry)",
"Lighter fish and chips",
"Pea and mint soup",
"Gigantes with tomatoes and greens",
"Sausage plait",
"Leek and potato soup",
"Sweet onions with lentil stew",
"Ultimate burger in a brioche bun",
"Mary Berry's perfect Victoria sandwich",
"Sticky barbecue chicken wings and drumsticks",
"Spicy prawn rice with fried egg",
"Minced beef pie",
"Bacon and egg pie",
"Football pies",
"Lobster with spaghetti",
"Smashed avocado on toast",
"Braised Savoy cabbage with bacon",
"Waldorf salad with grilled mackerel",
"Squash and turkey bake",
"Egg-fried rice",
"Veggie puttanesca",
"Simple smoked salmon pâté",
"Pumpkin soup",
"Rabbit and pearl barley stew",
"Moroccan fish stew",
"Spanish-style tortilla",
"The perfect baked potato",
"Thai green prawn curry",
"Slow cooker braised lamb shanks",
"The Hairy Bikers' trout almondine",
"Piri-piri prawns and harissa couscous",
"Spicy beetroot and coconut soup with herby yoghurt",
"Middle Eastern lentils",
"Kale and quinoa sauté with orange tahini dressing",
"British beef Raj curry",
"Smoky bean chilli with quinoa",
"Lamb fore shanks with English vegetables",
"Leftover turkey and ham pie",
"Rich prawn curry",
"Mediterranean chicken with potatoes",
"Barnsley chops with Cumberland sauce",
"Quick canapé crostini",
"Spiced haddock chowder",
"Cinnamon porridge with grated pear",
"Scrambled eggs with pastrami",
"Baked sweet potato with easy black beans and purple slaw",
"Kid’s customised couscous salad",
"Linguine with prawns and mussels",
"Malaysian-spiced noodles with tofu",
"Coq au vin",
"How to make pizza",
"Sausage rolls",
"Chicken with tomato sauce",
"Quick korma",
"Sweet potato pancakes with chilli beans",
"Fragrant pilau rice",
"Stress-free full English breakfast",
"Mushroom purses",
"Malaysian-style chicken curry",
"Southern-style pork and beans",
"Pot-roast chicken with potato ragù",
"Chicken Caesar salad",
"Gin and lime truffles",
"Miso chicken with walnuts and grapes",
"'Nduja sausage and sheeps’ cheese pizza",
"Basic pancakes with sugar and lemon",
"Avocado and bacon salad",
"Korean fried chicken",
"Broccoli and anchovy pasta",
"Mackerel and bacon salad",
"Spicy jerk chicken thighs with peppers and rice",
"Steamed sea bass with a rice noodle salad",
"Thai beef and mixed pepper stir-fry",
"Coq au vin",
"Homemade beans on toast",
"Hake with button mushrooms and vinegar",
"Baked Spanish risotto",
"Baked camembert with garlic bread",
"Mushroom and spinach pancakes",
"Crisp fried plaice",
"Exceptional gammon with cider and cinnamon",
"Easy roast potatoes",
"Curried chicken and rice salad",
"Honey mousse with port jelly and fresh raspberries",
"Microwave spaghetti bolognese",
"Crisp bacon rosti with fried eggs",
"Cheese and ham omelette",
"Low-fat chicken tikka masala",
"Spicy tomato sauce with gnocchi",
"Salmon pie with spinach and hollandaise",
"How to make an omelette",
"Homemade fish fingers",
"Stir-fried chicken and broccoli with noodles",
"Singapore noodles",
"Christmas carrots",
"Tuna and broccoli pasta bake",
"Roast fillet of beef with roasted garlic and mustard cream",
"15 minute pasta",
"Broccoli and Stilton soup with Stilton croûtons",
"Panzanella",
"Pasta with mushroom sauce",
"Carrot and poppyseed salad",
"Pumpkin lasagne",
"Beef stir-fry",
"Red lentil and aubergine moussaka",
"Roast leg of lamb with mint jus",
"Salt-crusted sea bass with runner bean salad",
"Pancetta and parmesan puffs",
"Fried bacon with poached egg and tomatoes",
"Homemade beefburger",
"Cauliflower soup",
"Venison with red cabbage slaw",
"Red onion and Brie tartlets",
"Lush lemon pepper chicken",
"Mushroom crostini",
"Gammon and chips with pineapple and greens",
"Crab cakes",
"Koli ishtew (chicken stew)",
"Gammon with treacle bacon crust",
"Mussels with Bayonne ham and shallots",
"Ricotta pesto",
"Express bacon and pesto pasta",
"Chorizo and bean quesadilla",
"Sweet potato curry",
"Sausage and bean casserole",
"Prawns with garlic butter",
"How to make fish pie",
"Spiced lamb burgers with herbed yoghurt",
"Griddled lamb chops with inzimino",
"Green curry paste",
"Fish soup-stew",
"Spicy tofu and edamame beans",
"Puy lentil bolognese with pasta",
"Mexican steak burrito",
"Slow cooker minestrone",
"Tarka dal with rice",
"Chicken curry with basmati rice",
"Fried red mullet with oranges and capers",
"Warm potato salad with shallot dressing",
"Sardine and kale spaghetti",
"Smoky tomato sauce for pasta",
"Lancashire hot pot",
"Triple-crown roast of lamb with a jewelled fruit stuffing and minted red wine sauce",
"Tomato confit canapés",
"Pasta and bean soup (Pasta e fagioli)",
"Stir-fried chilli chicken",
"Pork and prawn dumplings",
"Coconut chicken noodle soup",
"Barbecue ribs",
"Whisky-cured salmon with beetroot and blinis",
"Creamy parsnip and apple soup",
"Spiced beef empanadas",
"Stir-fried corn and chilli",
"Forest truffle chicken",
"Turkey and ham pie",
"Herby smoked salmon omelette",
"Italian roast chicken with peppers and olives",
"Potato soup with soured cream and chives",
"Perfect cauliflower cheese with bacon and mushrooms",
"Paneer-stuffed peppers",
"Beef stew with light herby dumplings",
"Chicken kiev with mashed potato and green beans",
"Miso ramen soup with buckwheat noodles",
"Butternut squash ravioli with fried sage leaves and sun-dried tomatoes",
"Roast chicken with fruity spelt",
"Sichuan pepper beef stir-fry",
"BBQ ‘beer-can’ chicken",
"Lemon rice",
"Spanakopita",
"Turkey skewers and bulgur salad",
"Cheese and onion pie",
"Marinated minty lamb kebabs",
"Creamy tomato soup",
"Garlic-crust pizza with Parma ham",
"Steak tartare",
"Our special cassoulet",
"Irish fish chowder with soda bread",
"Tuna bean salad",
"Bean and rice burrito",
"Coronation chicken",
"Honey mustard and garlic spatchcock chicken with sweet potato and mint mash",
"Steak pie",
"Spaghetti with roasted bolognese",
"Wilted red cabbage with ham hock",
"Glamorgan sausages with red onion and chilli relish",
"Spiced cauliflower with toasted coconut and red lentils",
"Mushroom and mozzarella burger with relish",
"Mashed potato with garlic-infused olive oil",
"Chermoula tofu and roasted vegetables",
"Barbecue baby back ribs with celeriac slaw",
"Slow-roasted pork belly with boulangère potatoes",
"Chicken pasta bake (Saturday night pasta)",
"Make-and-freeze butternut squash and lime soup",
"Braised beef in red wine",
"Potato and pea curry with tomato and coriander (aloo dum)",
"Meat feast calzone",
"Pumpkin pie",
"Spiced shepherd’s pie",
"Potato drop scones with grilled bacon and tomato",
"Chilli pork with pineapple rice",
"Veggie crumble",
"Sicilian lemon and orange sweet bread",
"Mackerel on toast with salted cucumber and horseradish",
"Lentil curry",
"Five-spice roast chicken drumsticks",
"Simple roast chicken with sweet potato and spicy yoghurt",
"Tuscan fries",
"How to roast a turkey",
"Lamb dhansak",
"Lemongrass and ginger mussels",
"Quick hot and sour noodle soup",
"Shepherd's pie with spiced parsnip mash",
"Black bean and brown rice bowl with poached eggs",
"Fillet steaks stuffed with goats cheese",
"Make-ahead red cabbage",
"Pumpkin stew with sour cream",
"Bacon and mature cheddar straws",
"Italian broccoli and egg salad",
"Salmon with green butter",
"Bacon and egg canapés",
"Chicken pie",
"Sausage and bacon rustic hotpot",
"Paella",
"Nigel Slater's gazpacho",
"Slow cooker chicken with lemon and olives",
"Crackling pork belly",
"Slow cooker chickpea tagine",
"Tomato risotto",
"Hot-smoked salmon kedgeree",
"Potato rosti",
"Chicken jalfrezi",
"Welsh lamb in hay with tabbouleh salad",
"Baked sea bream Rota-style",
"Chicken pho",
"Chicken with spicy rice",
"Chicken in a creamy mushroom sauce",
"Pan-roast lime feta and chilli greens burrito",
"Chicken and rosewater biryani",
"Extra-lean burger and salad",
"Calf's liver with sweet and sour onions",
"Baked courgette fritters with marinara sauce",
"Tandoori lamb wrap",
"Italian-style courgette and parmesan soup",
"Vietnamese-style crayfish and noodle salad",
"Stuffed butternut squash",
"Chicken and butter bean casserole with basmati rice",
"Roast monkfish with cumin and coriander spice and a baked aubergine purée",
"Pork souvlaki with oregano",
"Chicken and leek pie",
"Chilli beef salad with coriander",
"Red mullet with baked tomatoes",
"Mushroom millefeuille",
"Wild salmon and asparagus quiches",
"Mary Berry’s lasagne al forno",
"Thai roast chicken",
"Hollywood’s temptation",
"Thai fish cakes with a honey and cucumber dip",
"Roasted cauliflower and lentil salad with red pepper sauce",
"Chicken and black bean sauce with bok choi",
"Chickpea flatbreads with tasty toppings",
"Pot-roast turkey drumstick",
"Roasted butternut squash",
"Yoghurt-spiced chicken skewers",
"Quick chicken Madras",
"Bruno Loubet’s bean and vegetable chilli",
"Reindeer Christmas cupcakes",
"Lemon and thyme pork schnitzel with potato salad",
"Curried cauliflower soup",
"Broad bean and courgette pilaf",
"Smoked mackerel pâté",
"Lemon and pomegranate couscous",
"La gran lasagna",
"Leftover turkey and potato pie",
"Jungle chicken curry with rice",
"How to make chilli con carne",
"Basic braised mince",
"Sticky chicken thighs with lemon and honey",
"Whole poached salmon and lemon",
"Chickpea and sweetcorn burgers",
"Sesame seed salmon with mirin",
"Sausage and butterbean casserole",
"Steamed Cantonese-style fish",
"Roasted lamb with rosemary and paprika rub",
"One pot chilli con carne",
"Japanese-style chilli prawn canapés",
"Mu shu chicken",
"Easy veggie stir-fry",
"Pad Thai",
"Cheese and cherry tomato muffins",
"Tea-time mackerel",
"Jerusalem artichoke soup with white truffle oil",
"Veggie carbonara",
"Neck of lamb stuffed with cannellini beans and hazelnuts",
"Country vegetable soup with basil pistou",
"Butternut squash soup with crisps",
"Beef Wellington",
"Quick vegetable curry",
"Smoked haddock and cauliflower gratin",
"Strawberries and cream cupcakes",
"Moroccan grilled chicken with preserved lemon",
"Veggie bean burgers",
"Butter chicken curry and chapati",
"Meatballs with herb salad",
"Almond-rolled goats' cheese",
"Scotch broth",
"Ceps tortellini with roasted nuts and sage butter",
"Watercress and pea soup",
"Sweet and tangy chilli beef",
"Green pea dip with nachos",
"Goat biryani",
"Chicken biryani",
"Asian-braised shin of beef with hot and sour shredded salad",
"Pulled chicken with barbecue sauce and baked potatoes",
"Mango and white chocolate cake with toasted coconut",
"Posh roasted vegetables",
"Slow cooker beef curry",
"Sardinian couscous with clams",
"Steak and kidney pudding",
"Creamy salmon pasta bake",
"Christmas turkey crown and stuffing",
"Quiche Lorraine",
"Sweet and sour stuffed aubergines",
"Roasted figs wrapped in Parma ham with blue cheese and rocket",
"Coconut fish curry",
"Mulled lamb",
"Israeli chicken schnitzel with red cabbage and apple coleslaw",
"Hearty party hotpot",
"Chicken and vegetable balti",
"Chicken with red kidney beans",
"Aromatic blackeye bean curry",
"Blue cheese and fig tarts",
"Smoked trout with watercress purée and chopped egg salad",
"Pheasant breasts braised in cider",
"Chow mein",
"Sage and onion stuffing balls",
"Savoury pies with Jarlsberg cheese and ham (Norwegian pierogi)",
"Vegetable pullao",
"Scrambled eggs with smoked salmon",
"Minced beef pinwheels",
"Creamy white wine chicken",
"Jollof rice with fried plantains",
"Christmas quackers",
"Mexican bean stew",
"Chicken and lemon tagine with herby tabbouleh",
"Kerala king prawn and coconut curry",
"Mackerel with rhubarb chutney and orange and chicory salad",
"Thai steamed salmon",
"Pork Wellington with black pudding and creamy apple sauce",
"Chicken and chorizo empanadas",
"Courgette and mint frittata",
"Whole roasted masala chicken and potatoes",
"Crisp paprika chicken on chorizo rice",
"Slow cooker beef brisket with bean mash",
"Spaghetti with chilli and garlic",
"Hot and spicy Thai squid salad (Yam pra-muek)",
"Nice and spicy Thai minced chicken salad (Larb Gai)",
"Mozzarella chicken with butter bean mash",
"Red lentil soup",
"Arancini with tomato and olive tapenade",
"Warm chicken salad",
"Glam mac and cheese",
"Skinny beef lasagne",
"Penne alla torrese",
"Tomato soup",
"Ham and eggs with roasted pepper sauce",
"Chilli and lemongrass chicken",
"Aubergine parmigiana",
"Seychelles fish curry",
"Aubergine and tomato canapés",
"Thai chicken curry",
"Pembrokeshire seafood",
"Hot chorizo and mozzarella sandwich",
"Christmas roast duck",
"Nut roast",
"Beef stew with dumplings",
"Tofu croquettes with cranberry sauce",
"Steak pasty",
"How to prepare and cook squid",
"Comforting cottage pie",
"Kidney bean curry (rajma)",
"Everyday roast chicken",
"Duck à la rhubarb",
"Eggs Florentine",
"How to make chicken teriyaki",
"Deep fried calamari with garlic and lemon mayonnaise",
"Turkey curry",
"Turkey enchiladas",
"Lemon chicken",
"Mozzarella bruschetta with shaved fennel and courgette",
"Ham croquetas with garlic mayo",
"Colcannon",
"Roast leg of lamb with rosemary and garlic",
"Vegetarian nut roast pie with cranberries",
"'Dragon prawn' noodles",
"Sage sausage stuffing",
"Braised lamb shank with bay and borlotti beans",
"Really easy mushroom risotto",
"Fish and chips with tartare sauce",
"Maple and balsamic glazed lamb chops with couscous",
"Venison casserole",
"Mixed bean salad",
"Celeriac remoulade",
"Rabbit and pancetta pot pies",
"Whole tandoori chicken with coriander chutney",
"Five-spice braised beef",
"Estonian lamb shanks",
"Root vegetable Thai curry",
"Chicken curry",
"Simple Goan chicken curry",
"Pork sausages with pineapple salsa and rocket salad",
"Beef in oyster sauce",
"Spicy chickpea burgers with mango salsa",
"Chilli salad bowls",
"Devilled kidneys",
"Risotto alla Parmigiana",
"Meatballs with cherry tomato sauce and tagliatelle",
"Chicken with chorizo and potatoes",
"Chicken and cashew nut stir-fry",
"Fabulous fish pie",
"Patatas bravas",
"Fondant potatoes",
"Stilton-stuffed mushrooms with cranberry relish",
"Beef and chorizo with horseradish mash and rosemary dumplings",
"Albanian baked lamb with rice (Tavë kosi)",
"Suriani home-style chicken curry (‘ishtu’)",
"Mexican tortilla bake",
"Chicken nuggets with easy BBQ sauce",
"Creamed Brussels sprouts",
"General Tso’s chicken with garlic chive and mushroom noodles",
"Swiss cheese fondue",
"Roasted vegetable stack with griddled halloumi cheese",
"Express lasagne",
"Prawn cocktail with Marie Rose sauce",
"Carrot and sultana cake with creamy orange frosting",
"Fishcakes",
"Homemade garlic bread",
"Chicken quesadillas and sweetcorn salsa",
"Beer-marinated rack of pork with Swiss-chard gratin",
"Gazpacho Hispaniola",
"Greengrocers' hotpot",
"Clementine and cod curry",
"How to make French onion soup",
"Tom's fried chicken in a basket",
"Fish fingers with pitta bread",
"Classic Cornish pasty",
"Egg and bacon pie",
"Pizza expressed three ways",
"Bacon rarebit with apple chutney",
"Lime and chipotle black bean tacos",
"Beef Wellington",
"Chargrilled sweet and sour prawns",
"Spicy crab cakes",
"Coq au Pouilly-Fumé",
"Spicy Middle Eastern kofte",
"Tabbouleh",
"Cod with lemon and capers",
"Chicken curry (shorshe murgi)",
"Sweet and sour chicken",
"Turkey crown with orange",
"Thai green chicken curry",
"Tuna and sweetcorn pasta salad",
"Hazelnut butter grilled scallops with salad",
"Bolognese ragù with pappardelle",
"Perfect roast turkey and stuffing",
"Salade Niçoise",
"Spaghetti with garlic and chilli",
"Asparagus and poached egg puff tarts with parmesan and basil",
"Chicken and chorizo rice",
"Sage and onion stuffing",
"Beef hotpot",
"Olive breadsticks",
"Quinoa and halloumi burger",
"'Lion head' meatballs",
"Tortilla towers",
"Tom Kerridge’s butternut squash and sage risotto",
"Pad Thai",
"Beef Wellington with wild mushroom Madeira sauce",
"Lasagne",
"Hasselback potatoes with bacon",
"Smoky baked chickpeas",
"Pizza dough base",
"Turkish spiced chicken with flatbreads and green relish",
"Salmon with buttered leeks and yuzu dressing",
"Chilli crab with egg noodles",
"Parmesan and poppy seed lollipops",
"Southern-fried chicken and coleslaw",
"Curried roast parsnip soup with vegetable chips",
"Coconut samosas",
"Ricotta dumplings",
"Baked cod with herby crust",
"Easy chicken tagine",
"How to roast pork loin with crackling",
"Broccoli and salmon bake",
"Stir-fried pork with ginger and soy sauce",
"Low-fat beef and potato pies",
"Herring with dill and mustard potato salad",
"Cottage pie with dauphinoise potato",
"Crispy fish fingers",
"Spicy chilli con carne with guacamole",
"Chickpea curry",
"Sweet potato and chickpea curry",
"Moroccan flatbread wraps with harissa",
"Alpine pizza",
"Goat-herd pie",
"Celery baked in vinaigrette with pancetta and shallots",
"BBQ chicken with coleslaw",
"Sun-blushed tomato and feta salad",
"Asparagus soup",
"Chicken and mushroom pie",
"Mussels ‘Rockefeller’ style",
"Slow cooker chilli con carne",
"Whole sea bass baked on anchovy and garlic potatoes with a pickled pumpkin and walnut salad",
"Sweet and sour slaw",
"Thai chicken pie",
"Bacon and white bean soup",
"Hidden vegetables shepherd’s pie",
"Penne with courgette flowers",
"Potatoes in their skins",
"Lamb burgers with mint mayo and tomato relish",
"Nigel's spaghetti bolognese",
"Spicy sausage pasta",
"How to cook pork belly",
"Leek soup",
"Shortcut sausage meatballs",
"Toasted cashew and chilli broccoli salad with sesame soy dressing",
"Tomato chutney",
"Rolled roast loin of pork with homemade apple sauce",
"Beef chilli with bitter chocolate",
"Goats' cheese and shallot tarts",
"Focaccia with rosemary",
"Prawn and chorizo linguine with lime",
"Coronation chicken",
"Simple fish dish",
"Rogan josh",
"Mulligatawny soup",
"Bolognese sausage ragù with tagliatelle",
"Chicken carbonara",
"Highland beef salad",
"Indian fried chicken",
"Moroccan-style chicken casserole",
"Tomato rubbed toast",
"Mary’s Christmas choux wreath",
"Steamed ginger fish served with egg-fried rice",
"Pulled pork with spicy coleslaw",
"Pierogi",
"The ultimate veggie burger",
"Oriental vegetable kebabs with peanut dressing",
"Almond lentil stew",
"Quick broccoli pasta",
"Lamb madras with bombay potatoes",
"Turkey meatballs with spaghetti and tomato sauce",
"Swedish meatballs with cream sauce",
"Mushroom soup",
"Quick tomato and basil tart",
"Thai green curry",
"White fish and bacon parcels",
"Homemade gravad lax with cucumber salad and mustard sauce",
"Braised red cabbage with apples and sherry vinegar",
"Carrot and coriander soup",
"Chapatis",
"Indian potato raised pie",
"Swedish-style mini-meatballs",
"Icelandic breaded lamb chops with spiced red cabbage",
"Honey and marmalade-glazed gammon joint",
"Roast pork with crackling",
"Corn tortilla",
"Southern-fried buttermilk chicken with tomato salsa",
"Quick and easy sushi maki (sushi rolls)",
"Pork chops with celeriac mash and apple and ale gravy",
"Roasted cauliflower cheese",
"Healthy oven chips",
"Chicken with rice (arroz con pollo)",
"Vegetable biryani",
"Roast goose with chickpea and lemon stuffing",
"Low-fat bacon and lentil soup",
"Mary Berry's sage and onion stuffing balls",
"Fresh tomato salsa (with bruschetta variations)",
"Seafood risotto",
"Brussels sprouts with pancetta",
"Peri peri roast chicken",
"Asparagus with fettuccine and smoked bacon",
"Stuffed Portobello mushrooms with blue cheese",
"Crispy duck salad",
"Cheesy pasta with courgette and peas",
"Sausage rolls with caramelised red onions",
"Spaghetti vongole",
"Potato salad",
"Pesto and salmon parcels",
"Roasted sausage and potato supper",
"Chestnut and mushroom pie",
"Minestrone with butternut squash ‘noodles’",
"Pretzels",
"Beef and mustard pie",
"Double baked cheese soufflés",
"Croque monsieur",
"Potato soup",
"Lamb rogan josh",
"Fried aubergine with fennel yoghurt",
"Sprouts with chestnuts and pancetta",
"Lemon-and-herb stuffed shoulder of lamb",
"Singapore-style noodles",
"Curly kale (or cavolo nero) with rosemary and chilli",
"Baked burrito",
"Asian meatball noodle stir-fry",
"Veggie kedgeree",
"Seedy sesame noodles with peas and broad beans",
"Ma's macadamia salad",
"Cheesesteak sandwich with grilled onions",
"Travelling laksa",
"Deep-fried chicken wings al ajillo with braised peas and serrano ham with eggs",
"Slow-cooked black treacle ham",
"Chicken with spinach",
"Carrot and coriander falafel",
"Gratin of chard and new potatoes",
"Artichokes alla Romana",
"Spicy black bean quesadilla",
"How to cook mussels",
"Black bean steamed scallops with noodles",
"Boeuf bourguignon with baguette dumplings",
"Catalan fish stew",
"Greek salad",
"Chorizo tapas",
"Quinoa and bulgur wheat salad with lemon and pomegranate",
"Crumbed lamb steak with swede mash",
"Meatballs with tomato sauce",
"Adaptable bean soup",
"How to make pea and ham soup",
"Slow cooker dal",
"Chicken with chorizo bean stew",
"Fruit and cobnut crumble cream",
"Winter salad",
"Perfect roast pork belly with cabbage and bacon",
"Quick beany enchiladas",
"Chicken nuggets with smoked paprika and anchovy mayo",
"Lunchbox chorizo frittata",
"Chilli-glazed sticky ribs",
"Five-spice duck breasts with honey and soy",
"Chicken and bacon lattice pie",
"Sage and onion tear and share bread",
"Sweet and sharp sea bass",
"Bunny burgers with chunky chips",
"Cauliflower couscous with kale and feta fritters and tomato chutney",
"Quiche Lorraine",
"Moussaka",
"Moroccan lamb tagine",
"Baked salmon with parmesan and parsley crust",
"Sicilian-style salmon with garlic mushrooms",
"Mediterranean bean stew with potato griddle cakes",
"Roasted red pepper bruschetta",
"Aubergine chips with fennel yoghurt",
"Spicy beef burger",
"Spicy lentils and chickpeas",
"Low-fat beef and bean burrito with lime yoghurt",
"Prawn cocktail",
"Spaghetti all'arrabbiata",
"Bake-in-a-bag fish",
"Arroz verde",
"Luxury fish pie",
"Steak and kidney pie",
"Turkey mince stir fry with basil",
"Fish pie with soufflé crouton topping",
"Beef Wellington with tarragon sauce",
"Poached eggs with bacon and tomatoes",
"Carrot and coriander fritters",
"Roast pork belly with apple bread sauce and rib gravy",
"Chicken stir-fry",
"Pork meatloaf with soured cream (Faschierter Rahmbraten)",
"Vegetarian haggis stuffed mushrooms",
"Penne with spicy tomato and mozzarella sauce",
"Scouse eggs",
"Creamy pasta with salmon",
"Thai lamb salad with spicy dressing",
"Potato wedges with rosemary",
"Garlic roasted mushroom on toast",
"Sticky lamb buns with a pickled cucumber relish",
"Fennel and feta linguine",
"Homemade hotdogs",
"Pot roasted pheasant with cider and calvados",
"Citrus spiced salmon",
"Tuna pasta bake",
"Greek salad",
"Spicy chicken thighs with cucumber and cashew salad",
"Liver and bacon with onions and gravy",
"Chicken fajitas with tomato salsa",
"Chicken and pea risotto",
"Broad bean and feta frittata",
"Chilli beef with jacket potatoes",
"Chargrilled sea bass summer rolls with pineapple dipping sauce",
"Bill's spicy sausage pasta",
"Wilted spinach and poached egg on toast",
"Traditional chicken pie",
"Roast vegetable and lentil salad",
"Scallops beurre blanc",
"Lamb-stuffed aubergines with Moorish spices and Manchego cheese",
"Meatloaf",
"Old rag pie",
"Rabbit casserole",
"Turkey roll with Christmas crumble topping and sage and onion stuffing",
"Pumpkin cheesecake",
"Kedgeree",
"Easy margherita pizza",
"Roasted Jerusalem artichokes",
"Game pie",
"Roast belly of pork with root vegetables",
"Savoury biscuits",
"Falafel burger with hummus",
"Dolmades",
"Chickpea and butternut squash casserole with scone topping",
"Spaghetti alla carbonara",
"Grilled lamb with feta and lemon",
"Gluten-free fish and chips with minty peas",
"Salmon and Puy lentils with parsley",
"Fish soup with rouille-topped crostini",
"Bengali butternut squash with chickpeas",
"Healthy sweet and sour king prawn stir fry",
"Baked poached haddock and egg pots",
"Rack of lamb with salsa verde",
"Dal saag",
"Lentil shepherd's pie with champ",
"Lamb and flageolet bean stew",
"Bacon eggy bread",
"Smothered leeks and kohlrabi",
"Chinese-style prawn filo tartlets",
"Spiced pavlova with plums and cherries",
"Turkey meatballs in tomato sauce",
"Indian deep-fried soft-shell crab with lime pickle",
"Vegetable pad Thai",
"Homemade beans on toast",
"Harissa spiced lamb with cannellini beans",
"Pilau rice",
"Simple chorizo and bean stew",
"Oxtail stew",
"Mussel stew with garlic",
"Jumbo prawns with tomatoes and garlic",
"Softened sweet onion and crisp fried fish",
"Shakshuka",
"Stir-fried vegetable wraps",
"Thai vegetable curry",
"Spiced lamb with couscous salad",
"Chicken stir-fried with pak choi",
"Healthy tuna pasta with salad",
"Dukkah lamb cutlets with quinoa salad",
"Sautéed potatoes with lemon and rosemary",
"Chilli-spiced salmon",
"Chicken chasseur with creamy mash",
"Eastern-spiced shepherd’s pie with Bombay potato topping",
"Mini smoked salmon and dill cakes",
"Radish and sesame soy noodle salad",
"Grilled aubergine salad",
"Sweet potato gumbo with cornbread muffins",
"Beef and horseradish sausage rolls",
"Cauliflower salad with barbecue chicken and honey",
"Super spring salad",
"Isle of Wight stuffed tomatoes",
"Oven-fried chilli chicken",
"Red onion tarte tatin",
"Fresh sardines on toast with sweet pickled red onion",
"Low-fat roast potatoes",
"Harissa baked fish with bulgur wheat",
"Fish tacos",
"Smoked salmon open-topped sandwich",
"Croque monsieur kites",
"Braised steak with gravy",
"Mediterranean-style lamb chops",
"Vegetables with red pepper rouille",
"Ginger-glazed carrots",
"Green chutney",
"Shredded duck with plums and chilli flatbread",
"Stir-fried oyster mushroom broth",
"Quinoa goji tabbouleh",
"Coarse country terrine",
"Griddled halloumi",
"Curried carrot soup",
"Cream of celeriac soup",
"Grilled pork chop with almond croquettes and salad",
"Summer salad",
"Easy roast chicken with gravy",
"Pappardelle with slow-cooked beef and mushrooms",
"Tomato and chilli jam",
"Asparagus with pearl barley and bacon",
"Barbecued sirloin with chimichurri sauce",
"Beef stroganoff with matchstick potatoes",
"Nigel Slater's Thai green curry",
"Roasted lamb shanks",
"Stir-fried chicken with black bean sauce",
"Irish beef stew",
"Patatas bravas",
"Macaroni cheese",
"Edamame falafel with roasted veg",
"How to cook roast beef with Yorkshire puddings",
"Steak with peppercorn sauce",
"Beef and ale stew with dumplings",
"Mutton chops with potato and turnip gratin",
"Noodle salad with chilli nuts",
"Chicken with satay sauce",
"Lighter Thai green vegetable curry",
"Chicken breasts stuffed with sage and mustard",
"Brilliant breakfast omelette",
"Old fashioned rabbit stew",
"Easy chow mein for kids",
"Gobi 65",
"Hazelnut and parmesan-crusted chicken",
"Pork belly with lentils and black cabbage salsa",
"Jerk chicken",
"Chorizo and couscous stuffed marrow",
"Chicken chasseur with creamy mash",
"Hake with chorizo and potatoes (Merluza à la Gallega)",
"King prawn and scallop stir fry",
"Simple cod gratin with béarnaise sauce topping",
"Paneer and vegetable skewers",
"Salt and pepper Sichuan prawns with soy chilli dipping sauce",
"Fillet of beef Prince Albert",
"Blackberry and apple pastries",
"Vegetable garden risotto",
"Bangers and mash",
"Bubble and squeak and candied shallots",
"Peppered beef with salad leaves",
"Bangers with herby mash and onion gravy",
"Veggie sausage rolls",
"Vegetable pakoras and coconut dal",
"Peking-style vegetable dumplings",
"Boiled egg with rye bread soldiers",
"Teriyaki chicken",
"Chicken pot pie with spicy coleslaw",
"Roast squash and sweet potato soup with buttermilk blue cheese sauce",
"Cholent",
"Lighter lamb hotpot",
"Ras-el-hanout baked chicken",
"Our paella",
"Easter lamb with peas",
"Winter lamb hotpot",
"Salmon Wellington",
"Socca pancakes with roasted peppers and avocado",
"Apricot couronne",
"Tomato ragù",
"Roast pork with roast potatoes and gravy",
"Easy potato and pea samosas",
"Grilled salmon Niçoise",
"Rich beef and mushroom stew",
"Strawberry saffron dip (shrikhand)",
"Spicy lamb albondigas (meatballs)",
"Grilled aubergines with miso",
"Pork vindaloo",
"Flower power pizza",
"Fennel sausages braised with lemony potatoes and bay leaves",
"Carrot cake cupcakes with cream cheese frosting",
"Spiced North African-style eggs with homemade flatbreads",
"Super satay chicken",
"Mustard and lemon sausages with carrot mash",
"Root vegetable gratin",
"Chicken liver pâté",
"Pork with red pepper and noodles",
"Smoked mackerel pate and cucumber sandwich",
"Red mullet with linguine tossed in chilli and garlic",
"Roast shoulder of lamb with herbs and honey",
"Mom’s meatloaf",
"Crisp sea bass tortillas with pink pickled onion",
"Roast potatoes",
"Pulled beef brisket in a milk bun",
"Salt pork belly with split pea purée and sauerkraut",
"Spicy chorizo squash parcels",
"Pancakes with Parma ham and asparagus",
"Savoury pancakes with ham and cheese",
"Chicken chow mein",
"Special fried rice",
"Smoked salmon pâté",
"Butternut squash and prawn curry with noodles",
"Tamarind and lemongrass beef",
"Oven-cooked chicken shawarma",
"Pork and fennel casserole",
"Piri-piri chicken",
"Pork chop “Maman Blanc” with sauté potatoes",
"Posh sausage roll",
"Porcini nut patties",
"Chicken tikka masala",
"Light and fruity mince pies",
"Beef tortilla wraps",
"Latvian salad",
"Penne with halloumi and cherry tomatoes",
"Vegetable pakoras",
"Hollandaise sauce",
"The ultimate fish pie",
"Roasted vegetable quiche",
"Potato and pepper bake",
"Tomato and basil tarte tatin",
"Bigos stew",
"Caldo verde (Portuguese cabbage soup)",
"Breakfast hash",
"Slow-cooker sausage and fennel casserole",
"Turkey curry",
"Slow roast leg of lamb with herb rub",
"Falafel four ways",
"Saag aloo with roasted gobi curry",
"Chicken yakitori",
"Oven-baked risotto carbonara",
"Chilli beef rendang",
"Red-cooked pork belly",
"The ultimate Christmas roast beef",
"Black cherry and hazelnut jam",
"Speedy miso noodles with soft boiled egg",
"Roasted red pepper hummus",
"Irish beef stew",
"Spicy chicken with vegetable ragù",
"Sticky jerk wings with sugared oranges",
"Salmon and bulgur wheat pilaf",
"Fish and chips",
"Smoked Texan chicken wings",
"Chicken and chorizo with paprika and red wine",
"Fesenjoon",
"Artichoke pasta",
"Thai-style fishcakes",
"Simple chicken and potato curry",
"Spiced mutton stew with apricots",
"Beef and ale stew with horseradish dumplings",
"Garlic mushrooms and cured ham on toasted brioche",
"Oven chips",
"Silk handkerchief pasta with pesto",
"Peppers with chickpeas and harissa",
"Baked samosas",
"Toad in the hole",
"Pesto lemon chicken",
"Red lentil and bacon soup",
"Sage and onion stuffing",
"Courgette and broccoli quiche",
"Roast crispy pork belly with egg fried rice",
"Meat and potato pie",
"Piri-piri chicken",
"Chicken puttanesca with linguine",
"Sirloin steak with chunky chips",
"Chicken salad with couscous and oranges",
"Good vegetable soup",
"Sweet miso-marinated salmon with soba noodles",
"Hand-raised chicken and bacon pie",
"Cabbage with mustard seeds",
"Italian style meatballs with courgette ‘tagliatelle’",
"Smoked tea duck with bigarade sauce",
"Smoked trout salad",
"Lamb slice with garlic mayonnaise",
"Fideuà",
"Bitterballen",
"Salmon and watercress tart",
"Halloumi saganaki",
"Spicy Mexican bean soup",
"Chicken in white wine sauce",
"Barbecued sweetcorn with flavoured butter",
"Pumpkin cider cake",
"Mackerel kebabs",
"Deep South pulled pork sliders with sweet potato fries and coleslaw",
"Aubergine and walnut caviar",
"Mushroom and spinach tagliatelle",
"Butter chicken",
"Salmon and sea bass ceviche",
"Quick sausage casserole with Savoy cabbage pesto",
"Summer vegetable soup with mussels",
"Simon Hopkinson's perfect roast chicken dinner",
"Celeriac remoulade",
"Wild salmon with English asparagus and hollandaise sauce",
"Irish soda bread",
"Spaghetti with broccoli pesto",
"Broad beans with pata negra ham",
"Cheesy garlic bolognese beef pie",
"Whole sea bass with warmed tomato and citrus salsa",
"Leek risotto with parmesan crisps",
"Lamb curry with basmati rice",
"Smoky cheese and olive scones",
"Boston baked beans",
"Soy and honey chicken with coconut brown rice",
"Pasta primavera",
"How to make lasagne",
"Stuffed vegetables",
"Butternut squash and root veg hotpot",
"Potato croquettes",
"Chicken braised in cider and chorizo",
"Cream roasted swede soup",
"Slow-cooker apple-glazed ribs",
"Honey-glazed guinea fowl with pomegranate and pineapple",
"Kids’ minestrone soup",
"Hearty vegetable soup",
"Poached salmon with lemon sauce",
"Barbecued veal chops with fresh herbs and salmoriglio",
"French onion soup with Gruyère toast",
"Pumpkin risotto",
"Hot chicken cakes with lettuce and mayo",
"Chicken kiev",
"Baked salmon with chorizo rice",
"Chicken with forty cloves of garlic",
"Courgetti spaghetti with tomato and butter bean pesto",
"Cumin and yoghurt chicken with cucumber and dill salad",
"Citrus and pomegranate salad with chilli-honey dressing",
"Garlic mushroom frittata",
"Nigel Slater's Lancashire hotpot",
"Hot hounds with beer-and-mustard-barbied onions",
"Beef and blue cheese puff pastry pizza",
"Fennel and herb barbecued whole fish",
"Gruyère and pancetta brioche sandwich",
"Pheasant suprême with wild mushroom compote",
"Whisky and chilli tiger prawns",
"Fried ham and cheese sandwich",
"Peanut butter squares",
"Scotch pies",
"Pesto mash",
"Spicy potato wraps",
"Crab and salmon fishcakes with homemade tartare sauce",
"Caramelised scallops on cauliflower purée with pancetta",
"Beer braised shin of beef with creamy mash",
"Grilled mushrooms with goats' cheese and beetroot and walnut salsa",
"Salmon yakitori",
"Roast chicken with sage and onion stuffing",
"Pad Thai",
"Hummus chickpea burgers",
"Goan mutton curry with spiced pilau rice",
"Turkey gravy",
"Codfish (klippfisk) soup",
"Beef burger with thyme potato wedges",
"Oxtail soup",
"Meat and potato pie",
"Easy chicken liver pâté",
"Mini beef Wellington tartlets",
"Italian lentil and tomato soup",
"West country gratin",
"Roast pheasant and bread sauce",
"Macaroni cheese",
"Veggie gravy",
"Greens with bacon and hazelnuts",
"Stuffed marrow",
"Heather honey sponge",
"Puff pastry pizza bites",
"Goats' cheese and onion tarts",
"Goats' cheese cannelloni with cherry tomatoes",
"Gluten-free savoury pancake batter",
"Tonkatsu pork",
"Beef chilli flash-fry with yoghurt rice",
"Puff pastry",
"Nachos",
"Vegetarian chilli tacos",
"How to make fish soup",
"Sticky cranberry sausages",
"Thick smoked-haddock chowder",
"Salt fish fritters",
"Smoked salmon omelette",
"Deep-filled homity pie",
"Steamed sea bass in hot beer and ginger lime sauce",
"Ham and eggs with grilled tomato",
"Coronation prawn vol-au-vents",
"Scotch broth",
"Spiced vegetable tagine",
"Beef and pepper kebabs",
"Vegetable shepherd’s pie",
"Greek salad on bruschetta",
"Pork and clams",
"Fillet of venison and wild mushroom sauce",
"Cumin-crusted vegetables",
"Sweet pepper frittata",
"Spiced skewered lamb",
"Basic tortellini with ricotta and pine nuts",
"Roasted red pepper and artichoke salad",
"Pan-fried salmon with broccoli",
"South-East Asian vegetable and egg-fried rice",
"Sichuan-style sea bass with wok-fried vegetables",
"Coleslaw",
"Herbed tuna carpaccio with pickled cucumber and bean salad",
"Spicy stuffed pitta",
"Chicken tikka masala",
"Loin of venison in a sloe gin and blackberry glaze",
"Tandoori chicken party skewers",
"Veggie bean fajitas",
"Cheese and tomato chutney turnovers",
"Bombay potatoes",
"Game terrine",
"Christmas veggie Wellington",
"Moroccan-style chicken with couscous and yoghurt",
"Mixed vegetable curry",
"Quick orange and lemon chicken",
"Pan-fried chicken pie",
"Pork meatballs with anchovies",
"Simple tortilla pizzas",
"Healthy spaghetti bolognese",
"Tandoori chicken lollipop drumsticks with raita dip",
"Roast sweet potato chilli chips",
"Chicken and chorizo paella",
"Trout with samphire and beurre blanc",
"Roast celeriac with marsala",
"Pasta with halloumi and red onion",
"Chicken and wild mushroom pie",
"Homemade falafels with salad and pitta bread",
"Asian-style tofu stir-fry",
"Traditional honey-glazed gammon",
"Black bean and avocado salad",
"Basque chicken pie",
"Healthy mini pizzas",
"Rioja-braised lamb shanks with chorizo and garlic",
"Crab and cod fishcakes with tomato salsa",
"Great sausage casserole",
"Viennese gulasch",
"Roasted tomato and thyme soup with double-baked cheese and chive potatoes",
"Lamb with hummus and tortillas",
"How to make steak and ale pie",
"Corned beef hash with poached eggs",
"Irish rarebit",
"Thai tofu Panang Yorkshires",
"Slow cooker coq au vin",
"All-in-one rib roast with horseradish glaze",
"Maneesh",
"Sichuan orange beef",
"Beef stroganoff with sautéed potatoes",
"Oven ki murghi (chicken baked with green chillies and onions)",
"Pea and pancetta soup",
"Roast vegetable soup",
"Low-fat Caesar salad",
"Quick minestrone",
"Brussels sprouts in brown butter",
"Rice pudding with mashed fruit",
"Lamb with fresh peas (Agnello con piselli freschi)",
"Meatballs in tomato sauce with cinnamon and cumin (Soutzoukakia)",
"Vegetarian Puy lentil lasagne",
"Norwegian fish pie",
"Luxury chicken liver pâté",
"Pappardelle and meatballs",
"Nadiya's dal",
"Chicken soup and dumplings",
"Beef ragu with linguine",
"Couscous salad",
"Pork chops with gremolata",
"Sausage rolls",
"Sardine beccafico",
"Treacle-cured beef with Yorkshire puddings and roast potatoes",
"Fish cakes with sweet potato fries",
"Cheesy parsnip and sweet potato tarts",
"Fennel and potato gratin",
"Stuffed aubergine rolls",
"Paneer with spinach",
"Mutton saag",
"Wild boar ragù with fresh pasta",
"Roast turkey crown",
"Thai beef and mango salad",
"Smoked aubergines with garlic (mirza ghasemi)",
"Meatball curry",
"Ratatouille",
"Rice and peas",
"Grilled lettuce with goats' cheese",
"Braised ox cheeks with gentleman’s relish",
"Raised pork and egg pie",
"Pork taco",
"Prawn dim sum",
"Aromatic beef curry",
"Mediterranean lamb chops",
"Wild rice salad",
"Wholemeal cheese scones",
"How to cook sea bream with garlic and rosemary",
"Beef stew with dumplings",
"Chicken dhansak curry",
"Spanish meatball stew",
"Chicken satay noodles",
"Three fish pie",
"Sun-dried tomato and rosemary palmiers",
"Moroccan lamb tagine with lemon and pomegranate couscous",
"Chashu pork ramen",
"Cauliflower cheese",
"Homemade minestrone",
"Moroccan baked eggs",
"Salmon burgers with basil and lime mayonnaise",
"Masala-marinated chicken with minted yoghurt sauce",
"Buffalo wings",
"Pasta with courgette sauce and spinach balls",
"Corned beef plate pie",
"Chicken Thai red curry",
"How to cook seared tuna",
"Toad in the hole",
"Butternut and sweet potato lasagne",
"Bauble and squeak",
"Lemon and lime chicken with coriander-fried rice",
"Roast beetroot",
"Beef rendang",
"Mashed potatoes",
"Sticky chicken and vegetable kebabs with couscous",
"Flamenco eggs",
"How to dress a crab",
"Basic tomato and basil sauce for pasta",
"Spaghetti Bolognese with hidden veggies",
"Onion bhaji",
"Slow roast shoulder of lamb with sliced potatoes",
"Spiced-up Barnsley chops",
"Yorkshire ‘tapas’ puddings",
"Turkey meatballs",
"Chicken and apricot curry with potato straws (sali murghi)",
"The best roast potatoes",
"Barbecue belly pork",
"Seared salmon and chorizo salad",
"How to cook pheasant",
"Fresh mackerel with roasted rhubarb",
"Butternut squash soup with parsley purée",
"Korean bulgogi chicken stir-fry",
"Pork fillet with honey and ginger",
"Lamb skewers with Turkish salad",
"Goats’ cheese salad",
"Simple fish in a bag",
"Slow-cooked lamb shoulder with boulangere potatoes",
"Salmon fish cakes with mushy peas",
"Vietnamese beef and lettuce wraps",
"Classic chicken Kiev with spring vegetables",
"Meat-free chilli con carne",
"Cauliflower cheese with salmon",
"Extra special beef biryani",
"Egg fried rice with tomatoes",
"Meatballs with tomato sauce",
"Bolognaise sauce",
"Chicory gratin",
"Chicken with asparagus and lemon crème fraîche sauce",
"Roasted vegetable picnic loaf",
"Indian-spiced lamb shoulder with Bombay potatoes",
"Curried cauliflower with spinach",
"Chilli and coriander fish parcel",
"Pork pie with chicken and apricots",
"Sausage and ricotta pasta bake",
"Lamb and lentil curry",
"Braised feather blade beef",
"Rib ragù",
"Caramelised red onion and goats’ cheese swirls",
"Potato and butter pie with mushroom gravy and wilted spinach",
"Beef steak for one",
"Garlic-crumbed chicken",
"Baked ham and egg pots",
"Spiced mackerel with horseradish potatoes",
"Pumpkin pickle with fried chicken breast",
"Teriyaki chicken with leek and pepper stir-fry",
"Salmon ceviche with fennel salad",
"Turkey pot pie",
"How to roast chicken",
"Twister bread",
"Easy spinach soup with a poached egg",
"Baked pasta shells filled with cheese",
"Chestnut stuffed mushrooms",
"Quinoa salad with mint and mango",
"Tortellini with spinach and ricotta",
"Baked eggs",
"Chicken and spinach balti",
"Stir-fried chilli pork",
"Warm goats' cheese salad",
"Cauliflower and chorizo risotto with seared squid",
"Chargrilled broccoli pasta with chilli and garlic",
"Asparagus and puff pastry cigars",
"Green coconut fish curry",
"Light smoked haddock fish pie",
"Sea bass roasted with rosemary and lemon",
"Aubergine and bean casserole",
"Cheese nuggets with grape chutney and pecan salad",
"Slow cooker massaman curry",
"Ragù alla bolognese",
"Salmon en croute",
"Pomegranate panna cotta with pomegranate and orange caramel",
"Gnocchi di spinaci e ricotta",
"Spinach and cheese samosas",
"Proper baked beans with soda bread toast",
"Braised fennel with butter and parmesan",
"Sunny vegetable patties",
"Coq au vin",
"Pork fillet stroganoff",
"Chocolate and ginger oat biscuits",
"Chickpea and chorizo stew",
"Smoked mackerel and cabbage slaw with potato wedges",
"The best chips you have ever tasted",
"Mushroom stroganoff",
"Raised game pie",
"How to make lamb curry",
"Crispy potato peeling crisps with squash ketchup",
"Broad bean and runner bean risotto",
"Za’atar cod with relish",
"Thai coconut-chilli prawns",
"Egg fu yung with roasted red pepper and sweet chilli sauce",
"Butternut squash and Stilton quiche with roasted sprouts",
"Danish fish cakes ('frikadeller') with remoulade",
"Crispy parmesan chicken with soft basil tomatoes",
"Jumbo cheese and ham straws",
"How to cook venison",
"Grilled mackerel with soy lime dressing",
"Toad in the hole with onion gravy and garlic cabbage",
"Roast leg of lamb with garlic and rosemary",
"Mediterranean filo pastry pie",
"Smoked salmon hash brown with poached egg and hollandaise",
"Easy spaghetti and meatballs",
"Sweet and sour chicken",
"My mother’s cheese and onion pie",
"Roasted chump of lamb with rustic ratatouille",
"Honey roast ribs with anise",
"Duck pancakes with hoisin sauce",
"Coley with tarragon sauce vierge",
"Stilton and toasted walnut balls",
"Egg-fried rice",
"Spiced cauliflower",
"Squid and prawns with chilli and marjoram",
"Marinated beetroot",
"Perfect roast duck with bread sauce",
"Tom yum soup",
"Crab and leek tart",
"Rum and raisin baked cheesecake",
"Moussaka",
"Fattoush",
"Crispy potato skins",
"Pork and parmesan ravioli",
"Chicken and vegetable spring rolls",
"Spicy squash salad",
"Beachside paella",
"How to make roast chorizo chicken",
"Pan-fried ratatouille",
"Healthy minestrone soup",
"Roasted pepper with goats' cheese",
"Bunny chow",
"Smoked salmon and dill tian with warm potato galette and fennel and apple salad",
"Warm spiced cauliflower and chickpea salad with pomegranate seeds",
"Chicken casserole with potato cobbler",
"Linguine alla puttanesca",
"Broad bean and goats’ cheese bruschetta",
"Spicy chorizo penne pasta",
"Roast pheasant with lemon and rosemary",
"Fennel beetroot slaw",
"Penne and sausage pasta bake",
"Asparagus risotto",
"Freekeh salad",
"Oriental chicken salad",
"Crispy duck with apricot and plum sauce",
"Easy jambalaya",
"Chicken tagine",
"Grilled chicken shatkora with pickle and chappatis",
"Pork belly with parsley sauce and lovage potatoes",
"Arbroath-smokie cakes with chilli jam",
"Chilli beef cornbread pies",
"Caramelised oranges with honeyed ricotta",
"Reuben sandwich",
"Ten-minute tomato soup",
"Spaghetti with clams and chilli",
"Teriyaki salmon",
"Tarka dal",
"Buckwheat pancakes with smoked salmon and citrus cream cheese",
"Salade Niçoise",
"Baby courgettes and chanterelle mushrooms with basil",
"Parnsip rosti",
"Corned beef and onion pie",
"Roast peppered beef with bourbon mustard and all the trimmings",
"Scotch eggs",
"Tempura scallops and asparagus with ponzu dressing",
"Thai fishcakes served with Thai cucumber salad",
"Japanese vegetable stir-fried noodles (Yasai yaki soba)",
"Bresaola salad",
"Langoustine and samphire stir fry",
"Spring minestrone soup with pesto",
"Caponata ratatouille",
"Souvlakia",
"Maple-roast parsnips",
"Chicken noodle miso soup",
"Vegetarian chilli",
"Tandoori king prawns with butter sauce",
"Caribbean chicken and pumpkin curry",
"Sun-dried tomato and olive bread",
"Crisp winter slaw",
"Smoked mackerel pilau rice",
"Baked stuffed aubergine with walnut and Roquefort",
"Lebanese-spiced lamb flatbread",
"Fillet steak with morel mushroom and wine sauce",
"Baby aubergines with oregano and red onions",
"Roast goose with apples and cider gravy",
"Simple chicken curry",
"Sweet and sour pork loin ribs",
"Cullen skink",
"Beef bourguignon",
"Pork chops with apples and cider",
"Steamed mussels",
"Homemade tandoori chicken",
"Lamb kebabs",
"Roasted vegetable lasagne",
"Chicken fajita drumsticks with Mexican corn salad",
"Sweet sticky spicy ribs with red onion salad",
"Spicy chicken kebabs",
"Chicken korma",
"Beef in oyster sauce",
"Jansson's frestelse (Jansson’s temptation)",
"Chinese five-spice spare ribs",
"Aubergine and mozzarella bake",
"Simple layered salad",
"Bean curd with 'oyster' sauce",
"Pork belly with apples and sage",
"Steak Maman Blanc with sautéed potatoes",
"Ricotta beefburger",
"Beef stew with fluffy dumplings",
"Breast of lamb baked with onions",
"Raw Brussels sprouts slaw",
"Healthy penne with chicken and broccoli",
"Confit duck leg with flageolet ragoût and celeriac mash",
"Halloumi with quick sweet chilli sauce",
"Mini Yorkshire puddings with roast beef and horseradish cream",
"Lemon sole goujons with mushy peas and sweet potato chips",
"Khao soi noodles",
"Lamb and fenugreek dumpling stew",
"Cherry tomato and mozzarella salad",
"Butternut squash tagine with couscous",
"South Indian chicken curry",
"Piedmontese peppers",
"Creamy lentils and rice",
"Pitta pizzas",
"Baked chicken goujons",
"How to make a tomato sauce",
"Prawn cocktail",
"Thai noodles with cinnamon and prawns",
"Fennel and mushroom tartlets",
"Spaghetti Bolognese",
"Lamb shanks with anchovy",
"Cheese and herb muffin in a mug",
"Souvlakia with tzatziki",
"Smoked haddock chowder with leeks and sweetcorn",
"Pot roast pheasant with sweetcorn mash",
"Pork loin with Parma ham and oregano",
"Spanish tomato bread",
"Bulgur wheat balls",
"Chicken in cider",
"Spring pea risotto",
"Sausage casserole with beans",
"Stir-fried cabbage with garlic",
"Dauphinoise potatoes",
"Roast ham",
"Smoked haddock pilaf",
"Pearl barley with spinach and pork mince",
"Roast chicken and sage and onion stuffing and gooseberry sauce",
"Rhubarb pie",
"Torta pasquale",
"Trout croquettes",
"The best chicken stir-fry",
"Really good kedgeree",
"How to make Thai green curry paste",
"Nasi goreng with lime and sugar barbecued chicken",
"Balsamic-glazed sesame salmon with spicy cherry tomatoes and spinach",
"Steak and perfectly cooked chips",
"Stuffed baby peppers",
"Mushroom and parsnip rösti pie",
"Bacon and mushroom frittata",
"Pulled pork with cinnamon and clove",
"Spicy beans on toast",
"Lemon chicken",
"Picnic pasta salad",
"Chickpea and chorizo stew",
"Lamb stew with rosemary dumplings",
"Turkish kofta kebabs with minted yoghurt and kohlrabi and carrot salad",
"Jalapeño and anchovy ketchup",
"Pea kachori",
"Fragrant pork and aubergines",
"Momma's meat jambalaya",
"Lamb vindaloo",
"Salmon coulibiac",
"Cumin roast carrots",
"Roast parsnip and rosemary soup",
"Sautéed caramelised fennel",
"All-day breakfast frittata",
"Homemade beer mustard",
"American-style pancakes with blueberries",
"Cheese scones",
"Wild mushroom soup",
"Chicken and mushroom casserole",
"Roasted chicken breast with leek and green bean vinaigrette",
"How to roast potatoes in goose fat",
"Chicken katsu curry",
"Leafy salad with feta and pomegranate",
"Chinese pork potsticker dumplings",
"Seafood pasta with garlic bread",
"Sausage and chorizo goulash",
"Slow cooker chipotle pulled pork",
"Beef cheek and butternut broth in sourdough",
"Fresh pasta dough",
"Blood orange Halloween pumpkin pie",
"Candied sweet potatoes",
"How to make chicken noodle soup",
"Vegetable and chorizo soup",
"Duck burger and chips",
"Scrambled eggs with smoked salmon and brioche",
"Hot hot roots with fresh mango and coconut relish",
"Beans on toast",
"Grilled vegetable wraps with salsa and guacamole",
"Pork noodles with bean sauce",
"Chicken soup",
"The perfect omelette",
"Spiced fillet of lamb in filo pastry",
"Tartiflette",
"Sage and parmesan palmiers",
"Haddock parcels and coconut rice",
"Roast beef and Yorkshire pudding",
"Caesar salad",
"Crunchy chicken cutlets",
"Chargrilled T-bone steak with tomato chilli chutney",
"Moussaka",
"Creole aubergines",
"Melanzane pasta",
"Honey roast parsnips",
"Nduja and potato hash",
"Chicken fricassée",
"Courgette and lemon risotto",
"Gnocchi with wild rocket",
"Shashlik kebabs with sour cream dip and plum sauce",
"Crunchy palak paneer",
"Splendidly spicy beef burger",
"Panzanella",
"Hearty chicken and chorizo broth",
"Chicken paprika",
"Spanish omelette",
"Roast root vegetables",
"Coconut chilli chicken",
"Prawn tom yum soup",
"Saltfish and ackee with fried dumplings",
"Jerusalem artichoke broth",
"Low-fat chicken and mushroom pie",
"Celery soup",
"Spanish garlic prawns",
"San Marzano tomato pizza",
"Scouse pie",
"Low-fat chicken curry",
"Beef with a garlic and parsley risotto and roasted shallots",
"Roasted butternut squash soup",
"Roasted vegetables",
"Meatball sandwich",
"Smoked salmon and dill sandwich",
"Thyme-buttered cabbage",
"Pasta with purple sprouting broccoli",
"Pasta with winter ratatouille",
"Feijoada",
"Strawberry and mascarpone Swiss roll",
"Chicken casserole",
"Black pepper pork noodle salad",
"Rib-eye steak with Stilton butter",
"Beetroot soup with feta",
"Spring vegetable salad",
"Neck of lamb with lemon and thyme",
"Chilli beef with sticky rice omelette",
"Warm tomato and onion salad with a beef dressing and sourdough croûtons",
"Chicken cacciatore",
"Devilish red cabbage",
"Green tomato chutney",
"Poulet sauté au vinaigre",
"Slow cooker chicken and butternut squash stew",
"Stuffed chicken breast wrapped in pancetta",
"Sun-dried tomato and poppy seed savoury biscuits",
"Thai pork kebabs",
"Mushroom soup",
"Potted salmon",
"Scrambled egg and toast with smoked salmon",
"Macaroni cauliflower cheese",
"Chicken bastilla",
"Pumpkin pasta with rosemary",
"How to make fish fingers",
"Pan-fried mackerel with caponata",
"Creamy cauliflower cheese with walnuts",
"Chicken noodle soup",
"Pan-fried gnocchi with broccoli pesto and grilled veg",
"Roasted aubergine with walnut salsa",
"Turkey breast stuffed with Italian sausage and Marsala-steeped cranberries",
"Chorizo and lemongrass pastry puff scrolls",
"Prawn tempura",
"Shami kebabs",
"Broccoli soup",
"Prawns alla busara",
"Simple sweet and sour chicken",
"Roasted butternut squash and sage risotto with pinenuts",
"Indian scrambled eggs",
"Horseradish and mustard beef casserole",
"The perfect Christmas turkey",
"Slow cooker beef hotpot",
"Butternut squash with rosemary and halloumi",
"Roasted vegetable and goats' cheese tart",
"Baked eggs in avocado with pitta",
"Macaroni cheese",
"Luxury fish pie",
"Steamed Thai chicken noodle salad",
"Simple Thai noodle soup",
"Versatile vegetable stew",
"How to make Thai green curry with prawns",
"Chicken with Marsala",
"Tandoori-style chicken",
"Sweet potato wedges",
"Spring miso soup",
"Panzanella (Tuscan tomato and bread salad)",
"Beef goulash soup (Gulyas leves)",
